Date,Price,Open,High,Low,Vol.,Change %,Volume,Change_pct,Ticker
2026-03-30,2055.2,2064.0,2082.4,2046.2,2.48M,-0.93%,2480000.0,-0.93,HLL
2026-04-01,2064.7,2119.9,2119.9,2052.0,2.03M,0.46%,2029999.9999999998,0.46,HLL
2026-04-02,2065.3,2055.0,2069.9,2022.5,1.43M,0.03%,1430000.0,0.03,HLL
2026-04-06,2084.8,2065.3,2092.8,2041.9,1.66M,0.94%,1660000.0,0.94,HLL
2026-04-07,2110.6,2064.7,2119.5,2050.8,2.71M,1.24%,2710000.0,1.24,HLL
2026-04-08,2145.6,2130.0,2192.8,2130.0,3.79M,1.66%,3790000.0,1.66,HLL
2026-04-09,2133.2,2145.5,2162.9,2115.0,2.51M,-0.58%,2510000.0,-0.58,HLL
2026-04-10,2155.3,2133.2,2170.0,2121.4,2.14M,1.04%,2140000.0,1.04,HLL
2026-04-13,2127.2,2131.0,2140.7,2113.5,1.99M,-1.30%,1990000.0,-1.3,HLL
2026-04-15,2157.6,2140.9,2168.0,2140.9,1.55M,1.43%,1550000.0,1.43,HLL
2026-04-16,2139.1,2158.0,2163.7,2129.1,1.85M,-0.86%,1850000.0,-0.86,HLL
2026-04-17,2240.8,2142.0,2245.0,2133.0,4.88M,4.75%,4880000.0,4.75,HLL
2026-04-20,2231.5,2240.8,2253.4,2223.2,1.46M,-0.42%,1460000.0,-0.42,HLL
2026-04-21,2310.7,2238.7,2335.7,2227.2,3.22M,3.55%,3220000.0,3.55,HLL
2026-04-22,2368.8,2310.4,2408.0,2310.4,5.56M,2.51%,5560000.0,2.51,HLL
2026-04-23,2366.4,2336.0,2400.0,2336.0,2.06M,-0.10%,2060000.0,-0.1,HLL
2026-04-24,2327.3,2388.6,2388.6,2299.0,1.68M,-1.65%,1680000.0,-1.65,HLL
2026-04-27,2328.3,2334.9,2362.8,2325.0,1.10M,0.04%,1100000.0,0.04,HLL
2026-04-28,2289.5,2321.0,2334.4,2281.1,1.63M,-1.67%,1630000.0,-1.67,HLL
2026-04-29,2317.1,2305.0,2349.6,2291.0,1.78M,1.21%,1780000.0,1.21,HLL
2026-03-30,2358.9,2375.1,2398.0,2346.2,6.80M,-1.29%,6800000.0,-1.29,TCS
2026-04-01,2408.2,2429.0,2472.0,2397.9,4.13M,2.09%,4130000.0,2.09,TCS
2026-04-02,2450.7,2386.0,2469.9,2375.7,5.38M,1.76%,5380000.0,1.76,TCS
2026-04-06,2473.9,2474.0,2482.0,2448.2,2.57M,0.95%,2570000.0,0.95,TCS
2026-04-07,2539.8,2461.0,2543.9,2448.0,4.52M,2.66%,4520000.0,2.66,TCS
2026-04-08,2559.2,2572.0,2580.3,2540.1,4.77M,0.76%,4770000.0,0.76,TCS
2026-04-09,2589.0,2554.0,2605.0,2531.1,5.63M,1.16%,5630000.0,1.16,TCS
2026-04-10,2524.3,2565.8,2565.8,2501.1,10.48M,-2.50%,10480000.0,-2.5,TCS
2026-04-13,2472.6,2489.9,2504.9,2470.0,3.74M,-2.05%,3740000.0,-2.05,TCS
2026-04-15,2554.9,2501.9,2559.0,2493.4,5.26M,3.33%,5260000.0,3.33,TCS
2026-04-16,2576.9,2572.0,2594.0,2558.0,3.91M,0.86%,3910000.0,0.86,TCS
2026-04-17,2581.5,2570.0,2589.0,2555.9,2.72M,0.18%,2720000.0,0.18,TCS
2026-04-20,2579.6,2587.1,2594.0,2561.2,2.29M,-0.07%,2290000.0,-0.07,TCS
2026-04-21,2610.5,2560.0,2614.0,2560.0,2.72M,1.20%,2720000.0,1.2,TCS
2026-04-22,2538.5,2580.0,2580.0,2503.6,5.23M,-2.76%,5230000.0,-2.76,TCS
2026-04-23,2521.8,2529.0,2559.5,2516.3,2.51M,-0.66%,2510000.0,-0.66,TCS
2026-04-24,2396.9,2488.0,2505.0,2388.8,5.11M,-4.95%,5110000.0,-4.95,TCS
2026-04-27,2447.6,2396.9,2459.0,2396.9,5.85M,2.12%,5850000.0,2.12,TCS
2026-04-28,2444.7,2444.0,2487.0,2427.4,4.51M,-0.12%,4510000.0,-0.12,TCS
2026-04-29,2465.0,2451.0,2487.5,2447.6,2.84M,0.83%,2840000.0,0.83,TCS
2026-03-30,1343.9,1335.0,1365.0,1334.1,24.39M,-0.31%,24390000.0,-0.31,RELIANCE
2026-04-01,1369.2,1384.2,1384.4,1362.9,14.40M,1.88%,14400000.0,1.88,RELIANCE
2026-04-02,1350.5,1357.0,1358.2,1328.0,21.28M,-1.37%,21280000.0,-1.37,RELIANCE
2026-04-06,1304.7,1359.0,1359.0,1290.0,29.27M,-3.39%,29270000.0,-3.39,RELIANCE
2026-04-07,1304.6,1295.0,1308.3,1291.0,28.39M,-0.01%,28390000.0,-0.01,RELIANCE
2026-04-08,1347.8,1349.0,1350.6,1326.2,21.82M,3.31%,21820000.0,3.31,RELIANCE
2026-04-09,1330.0,1346.0,1350.0,1326.3,20.73M,-1.32%,20730000.0,-1.32,RELIANCE
2026-04-10,1350.2,1337.0,1352.3,1331.5,19.36M,1.52%,19360000.0,1.52,RELIANCE
2026-04-13,1315.1,1321.2,1327.6,1310.0,28.75M,-2.60%,28750000.0,-2.6,RELIANCE
2026-04-15,1344.1,1337.0,1347.0,1334.2,15.31M,2.21%,15310000.0,2.21,RELIANCE
2026-04-16,1343.3,1352.0,1353.8,1330.0,30.21M,-0.06%,30210000.0,-0.06,RELIANCE
2026-04-17,1365.0,1340.0,1368.4,1340.0,13.87M,1.62%,13870000.0,1.62,RELIANCE
2026-04-20,1363.3,1363.2,1373.0,1352.8,13.61M,-0.12%,13610000.0,-0.12,RELIANCE
2026-04-21,1353.3,1359.0,1369.8,1350.1,27.29M,-0.73%,27290000.0,-0.73,RELIANCE
2026-04-22,1362.1,1350.3,1366.0,1349.1,9.53M,0.65%,9530000.0,0.65,RELIANCE
2026-04-23,1343.4,1346.0,1355.5,1340.7,16.39M,-1.37%,16390000.0,-1.37,RELIANCE
2026-04-24,1327.8,1340.0,1345.9,1325.0,11.74M,-1.16%,11740000.0,-1.16,RELIANCE
2026-04-27,1365.8,1313.0,1371.6,1311.0,24.67M,2.86%,24670000.0,2.86,RELIANCE
2026-04-28,1388.9,1358.0,1395.2,1357.0,41.03M,1.69%,41030000.0,1.69,RELIANCE
2026-04-29,1430.0,1392.0,1432.1,1392.0,30.54M,2.96%,30540000.0,2.96,RELIANCE
2026-03-30,358.96,361.89,365.36,356.28,44.80M,0.61%,44800000.0,0.61,MSFT
2026-03-31,370.17,364.55,372.9,363.07,45.24M,3.12%,45240000.0,3.12,MSFT
2026-04-01,369.37,373.49,373.99,368.2,29.42M,-0.22%,29420000.0,-0.22,MSFT
2026-04-02,373.46,367.2,373.64,364.15,24.10M,1.11%,24100000.0,1.11,MSFT
2026-04-06,372.88,373.49,373.73,369.5,16.15M,-0.16%,16149999.999999998,-0.16,MSFT
2026-04-07,372.29,370.34,372.45,366.56,21.44M,-0.16%,21440000.0,-0.16,MSFT
2026-04-08,374.33,384.98,385.0,371.41,33.06M,0.55%,33060000.000000004,0.55,MSFT
2026-04-09,373.07,372.5,373.5,367.05,30.44M,-0.34%,30440000.0,-0.34,MSFT
2026-04-10,370.87,372.98,375.64,370.03,28.11M,-0.59%,28110000.0,-0.59,MSFT
2026-04-13,384.37,373.61,384.54,371.02,35.75M,3.64%,35750000.0,3.64,MSFT
2026-04-14,393.11,387.92,394.69,386.52,37.50M,2.27%,37500000.0,2.27,MSFT
2026-04-15,411.22,398.0,414.37,396.73,45.06M,4.61%,45060000.0,4.61,MSFT
2026-04-16,420.26,419.86,420.82,412.14,41.64M,2.20%,41640000.0,2.2,MSFT
2026-04-17,422.79,424.82,431.58,420.69,48.57M,0.60%,48570000.0,0.6,MSFT
2026-04-20,418.07,421.14,423.33,416.3,27.58M,-1.12%,27580000.0,-1.12,MSFT
2026-04-21,424.16,420.24,427.18,417.2,32.05M,1.46%,32049999.999999996,1.46,MSFT
2026-04-22,432.92,426.18,433.7,423.67,29.38M,2.07%,29380000.0,2.07,MSFT
2026-04-23,415.75,419.89,423.66,411.41,38.31M,-3.97%,38310000.0,-3.97,MSFT
2026-04-24,424.62,416.97,424.95,415.8,27.46M,2.13%,27460000.0,2.13,MSFT
2026-04-27,424.82,422.38,427.11,417.07,30.87M,0.05%,30870000.0,0.05,MSFT
2026-04-28,429.25,424.57,429.92,421.9,30.44M,1.04%,30440000.0,1.04,MSFT
2021-07-12,741.65,749.14,749.14,740.16,14.46M,919.92%,14460000.0,919.92,HDBK
2021-07-13,749.06,746.19,751.18,740.21,18.18M,1.00%,18180000.0,1.0,HDBK
2021-07-14,747.71,746.89,751.8,743.7,9.79M,-0.18%,9790000.0,-0.18,HDBK
2021-07-15,758.46,750.63,761.48,747.96,10.44M,1.44%,10440000.0,1.44,HDBK
2021-07-16,759.29,762.08,763.08,757.52,5.17M,0.11%,5170000.0,0.11,HDBK
2021-07-19,733.67,741.65,742.58,731.18,25.11M,-3.37%,25110000.0,-3.37,HDBK
2021-07-20,719.78,719.21,725.2,716.29,24.17M,-1.89%,24170000.0,-1.89,HDBK
2021-07-22,722.55,726.24,732.43,720.71,13.21M,0.38%,13210000.0,0.38,HDBK
2021-07-23,719.58,723.95,726.92,715.87,13.13M,-0.41%,13130000.0,-0.41,HDBK
2021-07-26,715.49,713.23,720.21,712.28,13.17M,-0.57%,13170000.0,-0.57,HDBK
2021-07-27,718.09,716.27,723.15,716.27,22.40M,0.36%,22400000.0,0.36,HDBK
2021-07-28,706.89,715.74,717.56,700.26,20.67M,-1.56%,20670000.0,-1.56,HDBK
2021-07-29,707.36,712.35,713.2,704.9,13.70M,0.07%,13700000.0,0.07,HDBK
2021-07-30,711.45,707.74,714.1,702.23,11.66M,0.58%,11660000.0,0.58,HDBK
2021-08-02,709.56,715.72,715.72,706.37,13.26M,-0.27%,13260000.0,-0.27,HDBK
2021-08-03,715.57,703.25,718.16,703.25,12.03M,0.85%,12030000.0,0.85,HDBK
2021-08-04,730.83,718.71,735.42,718.21,22.05M,2.13%,22050000.0,2.13,HDBK
2021-08-05,740.58,731.73,751.65,726.89,18.82M,1.33%,18820000.0,1.33,HDBK
2021-08-06,744.47,739.93,748.14,735.17,13.34M,0.53%,13340000.0,0.53,HDBK
2021-08-09,750.08,744.15,751.8,736.17,11.00M,0.75%,11000000.0,0.75,HDBK
2021-08-10,751.95,742.65,757.99,742.65,14.84M,0.25%,14840000.0,0.25,HDBK
2021-08-11,745.62,755.57,757.54,743.67,12.59M,-0.84%,12590000.0,-0.84,HDBK
2021-08-12,748.84,746.64,751.93,742.8,8.60M,0.43%,8600000.0,0.43,HDBK
2021-08-13,761.21,748.74,763.6,748.64,16.66M,1.65%,16660000.0,1.65,HDBK
2021-08-16,763.4,761.18,765.6,758.84,6.25M,0.29%,6250000.0,0.29,HDBK
2021-08-17,755.45,756.72,760.11,750.78,8.28M,-1.04%,8279999.999999999,-1.04,HDBK
2021-08-18,754.62,776.42,780.73,752.3,22.99M,-0.11%,22990000.0,-0.11,HDBK
2021-08-20,755.5,741.18,758.01,741.18,13.15M,0.12%,13150000.0,0.12,HDBK
2021-08-23,760.41,763.03,764.67,752.45,10.84M,0.65%,10840000.0,0.65,HDBK
2021-08-24,777.49,763.1,780.31,761.83,18.38M,2.25%,18380000.0,2.25,HDBK
2021-08-25,776.77,774.12,780.46,772.08,7.73M,-0.09%,7730000.0,-0.09,HDBK
2021-08-26,775.47,773.08,783.55,769.81,11.12M,-0.17%,11120000.0,-0.17,HDBK
2021-08-27,772.3,774.07,777.39,770.71,6.38M,-0.41%,6380000.0,-0.41,HDBK
2021-08-30,782.18,775.87,783.05,773.87,9.05M,1.28%,9050000.0,1.28,HDBK
2021-08-31,788.74,779.81,789.71,779.16,12.06M,0.84%,12060000.0,0.84,HDBK
2021-09-01,787.59,785.55,797.02,785.3,12.42M,-0.15%,12420000.0,-0.15,HDBK
2021-09-02,792.53,785.1,794.02,783.68,9.62M,0.63%,9620000.0,0.63,HDBK
2021-09-03,786.07,791.08,797.02,782.2,10.74M,-0.81%,10740000.0,-0.81,HDBK
2021-09-06,780.91,788.01,788.51,779.04,7.88M,-0.66%,7880000.0,-0.66,HDBK
2021-09-07,782.68,779.31,789.04,775.67,7.25M,0.23%,7250000.0,0.23,HDBK
2021-09-08,786.24,784.02,788.29,780.86,6.72M,0.46%,6720000.0,0.46,HDBK
2021-09-09,782.35,785.05,787.76,778.56,8.25M,-0.49%,8250000.0,-0.49,HDBK
2021-09-13,775.84,779.06,790.03,774.9,8.96M,-0.83%,8960000.0,-0.83,HDBK
2021-09-14,772.35,778.06,780.31,771.38,9.76M,-0.45%,9760000.0,-0.45,HDBK
2021-09-15,771.48,765.6,775.47,765.6,14.82M,-0.11%,14820000.0,-0.11,HDBK
2021-09-16,778.04,766.97,780.21,766.24,10.26M,0.85%,10260000.0,0.85,HDBK
2021-09-17,789.11,782.55,792.53,777.67,20.50M,1.42%,20500000.0,1.42,HDBK
2021-09-20,777.99,780.06,788.89,777.07,8.78M,-1.41%,8780000.0,-1.41,HDBK
2021-09-21,774.05,779.06,782.38,762.58,14.77M,-0.51%,14770000.0,-0.51,HDBK
2021-09-22,764.95,772.58,773.15,763.1,10.58M,-1.18%,10580000.0,-1.18,HDBK
2021-09-23,783.05,769.09,784.05,769.09,13.66M,2.37%,13660000.0,2.37,HDBK
2021-09-24,798.79,787.54,801.98,785.55,20.81M,2.01%,20810000.0,2.01,HDBK
2021-09-27,810.53,805.84,815.72,802.0,16.42M,1.47%,16420000.000000002,1.47,HDBK
2021-09-28,805.52,813.97,813.97,789.04,12.77M,-0.62%,12770000.0,-0.62,HDBK
2021-09-29,794.95,796.52,801.31,790.61,16.26M,-1.31%,16260000.000000002,-1.31,HDBK
2021-09-30,795.5,791.03,801.18,789.59,15.98M,0.07%,15980000.0,0.07,HDBK
2021-10-01,789.39,789.54,792.53,780.68,11.13M,-0.77%,11130000.0,-0.77,HDBK
2021-10-04,790.91,792.53,798.69,789.83,7.05M,0.19%,7050000.0,0.19,HDBK
2021-10-05,795.75,794.02,796.77,786.17,10.26M,0.61%,10260000.0,0.61,HDBK
2021-10-06,805.45,796.02,811.41,791.53,18.60M,1.22%,18600000.0,1.22,HDBK
2021-10-07,803.25,811.28,811.83,801.51,11.27M,-0.27%,11270000.0,-0.27,HDBK
2021-10-08,799.34,804.0,808.99,798.09,7.25M,-0.49%,7250000.0,-0.49,HDBK
2021-10-11,814.87,797.96,820.46,797.52,13.08M,1.94%,13080000.0,1.94,HDBK
2021-10-12,812.78,810.48,818.74,810.48,8.18M,-0.26%,8180000.0,-0.26,HDBK
2021-10-13,817.67,816.47,821.95,812.98,6.23M,0.60%,6230000.0,0.6,HDBK
2021-10-14,841.61,816.97,842.9,816.97,14.76M,2.93%,14760000.0,2.93,HDBK
2021-10-18,833.08,850.38,860.36,831.46,28.86M,-1.01%,28860000.0,-1.01,HDBK
2021-10-19,842.25,835.65,844.12,833.43,8.99M,1.10%,8990000.0,1.1,HDBK
2021-10-20,834.85,842.45,847.27,830.16,10.91M,-0.88%,10910000.0,-0.88,HDBK
2021-10-21,836.07,833.83,838.89,828.36,9.74M,0.15%,9740000.0,0.15,HDBK
2021-10-22,838.29,837.96,851.88,833.3,12.18M,0.27%,12180000.0,0.27,HDBK
2021-10-25,826.44,842.9,842.9,804.9,16.43M,-1.41%,16430000.0,-1.41,HDBK
2021-10-26,824.32,822.95,834.85,821.13,12.09M,-0.26%,12090000.0,-0.26,HDBK
2021-10-27,819.36,824.32,830.46,816.62,13.25M,-0.60%,13250000.0,-0.6,HDBK
2021-10-28,794.82,822.95,822.95,791.61,17.80M,-2.99%,17800000.0,-2.99,HDBK
2021-10-29,789.46,793.03,799.01,778.06,12.41M,-0.67%,12410000.0,-0.67,HDBK
2021-11-01,800.66,790.53,803.5,789.81,8.12M,1.42%,8119999.999999999,1.42,HDBK
2021-11-02,801.38,801.01,808.99,798.04,13.24M,0.09%,13240000.0,0.09,HDBK
2021-11-03,788.76,800.56,802.95,785.82,10.21M,-1.57%,10210000.0,-1.57,HDBK
2021-11-04,795.0,795.52,796.94,793.08,1.10M,0.79%,1100000.0,0.79,HDBK
2021-11-08,798.14,794.07,800.36,783.28,18.94M,0.40%,18940000.0,0.4,HDBK
2021-11-09,784.17,795.32,795.32,782.58,12.70M,-1.75%,12700000.0,-1.75,HDBK
2021-11-10,775.69,782.05,782.55,773.08,13.71M,-1.08%,13710000.0,-1.08,HDBK
2021-11-11,772.23,773.1,775.52,765.89,8.00M,-0.45%,8000000.0,-0.45,HDBK
2021-11-12,774.57,773.08,777.59,770.61,14.91M,0.30%,14910000.0,0.3,HDBK
2021-11-15,776.69,779.11,783.97,775.27,9.53M,0.27%,9530000.0,0.27,HDBK
2021-11-16,772.08,775.57,776.67,768.89,8.25M,-0.59%,8250000.0,-0.59,HDBK
2021-11-17,763.5,766.54,770.08,762.35,7.60M,-1.11%,7600000.0,-1.11,HDBK
2021-11-18,767.79,761.13,769.83,760.73,9.15M,0.56%,9150000.0,0.56,HDBK
2021-11-22,755.79,771.08,774.42,747.66,15.26M,-1.56%,15260000.0,-1.56,HDBK
2021-11-23,755.89,749.14,762.0,746.32,11.24M,0.01%,11240000.0,0.01,HDBK
2021-11-24,757.14,760.11,766.27,755.15,30.80M,0.16%,30800000.0,0.16,HDBK
2021-11-25,761.08,755.52,764.75,751.63,10.25M,0.52%,10250000.0,0.52,HDBK
2021-11-26,743.1,748.14,751.48,740.66,18.62M,-2.36%,18620000.0,-2.36,HDBK
2021-11-29,748.76,745.54,751.95,729.19,12.99M,0.76%,12990000.0,0.76,HDBK
2021-11-30,744.92,745.64,762.6,741.43,25.22M,-0.51%,25220000.0,-0.51,HDBK
2021-12-01,750.46,745.64,751.65,742.7,8.68M,0.74%,8680000.0,0.74,HDBK
2021-12-02,760.98,750.38,762.5,748.14,11.20M,1.40%,11200000.0,1.4,HDBK
2021-12-03,754.9,761.01,766.07,751.65,8.12M,-0.80%,8119999.999999999,-0.8,HDBK
2021-12-06,750.03,754.62,757.52,746.82,7.03M,-0.64%,7030000.0,-0.64,HDBK
2021-12-07,760.96,755.1,764.1,753.08,12.43M,1.46%,12430000.0,1.46,HDBK
2021-12-08,774.97,766.09,775.6,765.1,15.30M,1.84%,15300000.0,1.84,HDBK
2021-12-09,761.53,770.68,775.42,759.11,11.75M,-1.73%,11750000.0,-1.73,HDBK
2021-12-10,759.39,760.56,762.1,752.35,7.78M,-0.28%,7780000.0,-0.28,HDBK
2021-12-13,753.7,761.11,766.92,751.73,10.32M,-0.75%,10320000.0,-0.75,HDBK
2021-12-14,749.36,749.39,756.12,746.67,9.19M,-0.58%,9190000.0,-0.58,HDBK
2021-12-15,748.14,749.63,759.78,745.97,10.12M,-0.16%,10120000.0,-0.16,HDBK
2021-12-16,748.19,754.52,756.62,745.15,13.21M,0.01%,13210000.0,0.01,HDBK
2021-12-17,734.7,746.64,751.13,732.03,14.99M,-1.80%,14990000.0,-1.8,HDBK
2021-12-20,711.06,724.2,727.19,705.3,21.16M,-3.22%,21160000.0,-3.22,HDBK
2021-12-21,719.11,717.96,723.57,713.23,9.12M,1.13%,9120000.0,1.13,HDBK
2021-12-22,720.81,724.35,726.19,716.07,8.58M,0.24%,8580000.0,0.24,HDBK
2021-12-23,720.26,724.82,727.09,716.64,9.78M,-0.08%,9780000.0,-0.08,HDBK
2021-12-24,717.66,720.96,724.2,712.23,5.56M,-0.36%,5560000.0,-0.36,HDBK
2021-12-27,723.6,712.68,725.2,709.31,4.71M,0.83%,4710000.0,0.83,HDBK
2021-12-28,728.59,728.54,731.63,724.9,5.45M,0.69%,5450000.0,0.69,HDBK
2021-12-29,725.12,726.22,728.69,721.9,7.67M,-0.48%,7670000.0,-0.48,HDBK
2021-12-30,728.94,727.44,731.6,720.71,7.22M,0.53%,7220000.0,0.53,HDBK
2021-12-31,737.86,728.94,740.56,728.94,6.33M,1.22%,6330000.0,1.22,HDBK
2022-01-03,757.94,740.66,759.61,738.41,9.07M,2.72%,9070000.0,2.72,HDBK
2022-01-04,762.38,758.11,764.55,752.03,8.86M,0.59%,8860000.0,0.59,HDBK
2022-01-05,780.48,766.49,784.05,762.15,14.33M,2.37%,14330000.0,2.37,HDBK
2022-01-06,767.96,769.59,775.45,763.13,9.63M,-1.60%,9630000.0,-1.6,HDBK
2022-01-07,773.35,770.08,781.43,766.04,11.18M,0.70%,11180000.0,0.7,HDBK
2022-01-10,777.64,777.07,784.05,770.83,8.86M,0.55%,8860000.0,0.55,HDBK
2022-01-11,781.01,778.84,782.4,771.98,8.39M,0.43%,8390000.0,0.43,HDBK
2022-01-12,776.39,782.05,786.37,774.07,21.09M,-0.59%,21090000.0,-0.59,HDBK
2022-01-13,762.1,775.57,775.57,758.31,41.96M,-1.84%,41960000.0,-1.84,HDBK
2022-01-14,770.66,763.1,772.43,757.61,11.21M,1.12%,11210000.0,1.12,HDBK
2022-01-17,758.86,763.1,776.07,757.69,22.99M,-1.53%,22990000.0,-1.53,HDBK
2022-01-18,762.73,764.6,773.53,759.61,12.34M,0.51%,12340000.0,0.51,HDBK
2022-01-19,757.34,765.1,767.96,754.8,14.32M,-0.71%,14320000.0,-0.71,HDBK
2022-01-20,752.63,762.33,762.35,748.19,15.20M,-0.62%,15200000.0,-0.62,HDBK
2022-01-21,758.91,748.14,763.0,740.96,11.54M,0.83%,11540000.0,0.83,HDBK
2022-01-24,741.48,753.1,758.74,731.95,11.87M,-2.30%,11870000.0,-2.3,HDBK
2022-01-25,742.18,727.51,745.64,720.21,13.59M,0.09%,13590000.0,0.09,HDBK
2022-01-27,735.64,723.2,740.66,715.72,28.62M,-0.88%,28620000.0,-0.88,HDBK
2022-01-28,729.81,736.92,741.51,728.19,24.93M,-0.79%,24930000.0,-0.79,HDBK
2022-01-31,741.01,734.55,743.92,731.58,12.84M,1.53%,12840000.0,1.53,HDBK
2022-02-01,746.64,752.38,756.62,734.9,14.74M,0.76%,14740000.0,0.76,HDBK
2022-02-02,763.7,754.1,765.6,750.93,13.97M,2.28%,13970000.0,2.28,HDBK
2022-02-03,755.79,762.48,768.06,752.63,10.56M,-1.04%,10560000.0,-1.04,HDBK
2022-02-04,760.11,762.3,764.52,755.17,11.58M,0.57%,11580000.0,0.57,HDBK
2022-02-07,732.25,754.17,757.61,728.19,12.27M,-3.66%,12270000.0,-3.66,HDBK
2022-02-08,729.11,736.37,737.39,720.48,13.98M,-0.43%,13980000.0,-0.43,HDBK
2022-02-09,746.94,735.17,747.99,731.68,11.31M,2.45%,11310000.0,2.45,HDBK
2022-02-10,760.66,755.12,765.84,748.96,14.31M,1.84%,14310000.0,1.84,HDBK
2022-02-11,757.54,748.26,760.61,747.89,10.71M,-0.41%,10710000.0,-0.41,HDBK
2022-02-14,735.02,743.15,747.86,732.83,14.66M,-2.97%,14660000.0,-2.97,HDBK
2022-02-15,757.02,736.17,760.56,734.7,13.14M,2.99%,13140000.0,2.99,HDBK
2022-02-16,755.99,765.27,765.47,751.63,10.03M,-0.14%,10030000.0,-0.14,HDBK
2022-02-17,751.38,754.67,759.11,749.14,7.35M,-0.61%,7350000.0,-0.61,HDBK
2022-02-18,754.3,747.29,756.62,743.38,7.80M,0.39%,7800000.0,0.39,HDBK
2022-02-21,759.16,750.13,763.45,745.92,7.47M,0.64%,7470000.0,0.64,HDBK
2022-02-22,753.48,743.05,759.16,742.13,9.54M,-0.75%,9540000.0,-0.75,HDBK
2022-02-23,748.59,760.66,760.96,745.97,9.03M,-0.65%,9030000.0,-0.65,HDBK
2022-02-24,707.94,723.15,735.64,701.83,23.63M,-5.43%,23630000.0,-5.43,HDBK
2022-02-25,726.24,718.19,731.13,714.65,18.32M,2.59%,18320000.0,2.59,HDBK
2022-02-28,711.36,711.23,717.49,705.27,24.88M,-2.05%,24880000.0,-2.05,HDBK
2022-03-02,685.42,691.53,697.46,675.52,38.51M,-3.65%,38510000.0,-3.65,HDBK
2022-03-03,683.8,688.79,694.27,679.76,17.53M,-0.24%,17530000.0,-0.24,HDBK
2022-03-04,681.55,678.31,691.28,666.79,21.22M,-0.33%,21220000.0,-0.33,HDBK
2022-03-07,660.76,657.61,664.52,646.92,27.05M,-3.05%,27050000.0,-3.05,HDBK
2022-03-08,662.25,649.48,665.34,644.4,39.21M,0.23%,39210000.0,0.23,HDBK
2022-03-09,683.87,663.35,685.64,657.79,23.13M,3.26%,23130000.0,3.26,HDBK
2022-03-10,694.62,711.73,711.73,688.41,22.27M,1.57%,22270000.0,1.57,HDBK
2022-03-11,696.67,692.28,702.73,684.65,15.15M,0.29%,15150000.0,0.29,HDBK
2022-03-14,719.48,705.74,723.2,705.74,25.02M,3.28%,25020000.0,3.28,HDBK
2022-03-15,710.23,719.96,722.95,704.12,18.87M,-1.29%,18870000.0,-1.29,HDBK
2022-03-16,722.28,721.7,725.69,716.32,13.36M,1.70%,13360000.0,1.7,HDBK
2022-03-17,738.19,734.17,743.05,733.45,14.82M,2.20%,14820000.0,2.2,HDBK
2022-03-21,741.41,741.65,744.97,734.57,12.26M,0.44%,12260000.0,0.44,HDBK
2022-03-22,745.22,738.81,747.14,726.79,10.46M,0.51%,10460000.0,0.51,HDBK
2022-03-23,737.79,751.63,757.52,734.97,31.19M,-1.00%,31190000.0,-1.0,HDBK
2022-03-24,719.53,731.18,733.0,715.49,20.16M,-2.47%,20160000.0,-2.47,HDBK
2022-03-25,713.67,723.7,724.2,707.74,16.37M,-0.81%,16370000.000000002,-0.81,HDBK
2022-03-28,714.62,713.67,717.22,699.06,15.75M,0.13%,15750000.0,0.13,HDBK
2022-03-29,724.1,718.71,728.31,713.23,12.38M,1.33%,12380000.0,1.33,HDBK
2022-03-30,736.64,734.17,739.53,725.22,20.11M,1.73%,20110000.0,1.73,HDBK
2022-03-31,733.35,733.67,740.51,731.13,14.30M,-0.45%,14300000.0,-0.45,HDBK
2022-04-01,751.13,736.37,753.13,733.33,14.57M,2.42%,14570000.0,2.42,HDBK
2022-04-04,826.34,788.04,858.91,779.34,97.45M,10.01%,97450000.0,10.01,HDBK
2022-04-05,802.13,831.28,831.28,799.01,30.92M,-2.93%,30920000.0,-2.93,HDBK
2022-04-06,773.5,791.88,792.93,771.75,27.03M,-3.57%,27030000.0,-3.57,HDBK
2022-04-07,756.49,768.74,768.76,754.97,40.78M,-2.20%,40780000.0,-2.2,HDBK
2022-04-08,755.45,754.17,760.98,746.79,41.26M,-0.14%,41260000.0,-0.14,HDBK
2022-04-11,746.22,751.13,753.13,744.77,20.80M,-1.22%,20800000.0,-1.22,HDBK
2022-04-12,744.9,740.16,751.55,738.24,27.44M,-0.18%,27440000.0,-0.18,HDBK
2022-04-13,730.66,743.15,749.29,729.51,28.89M,-1.91%,28890000.0,-1.91,HDBK
2022-04-18,695.99,707.66,714.05,693.3,45.62M,-4.74%,45620000.0,-4.74,HDBK
2022-04-19,669.43,688.74,693.05,661.85,74.10M,-3.82%,74100000.0,-3.82,HDBK
2022-04-20,675.47,675.54,678.26,666.02,49.33M,0.90%,49330000.0,0.9,HDBK
2022-04-21,685.47,680.81,688.19,674.97,52.45M,1.48%,52450000.0,1.48,HDBK
2022-04-22,676.12,678.31,685.97,672.9,20.66M,-1.36%,20660000.0,-1.36,HDBK
2022-04-25,681.18,673.32,683.62,659.48,20.94M,0.75%,20940000.0,0.75,HDBK
2022-04-26,684.32,684.3,689.26,676.89,17.02M,0.46%,17020000.0,0.46,HDBK
2022-04-27,684.57,678.31,687.79,676.37,18.05M,0.04%,18050000.0,0.04,HDBK
2022-04-28,683.97,684.3,687.79,679.36,20.77M,-0.09%,20770000.0,-0.09,HDBK
2022-04-29,690.58,688.46,700.63,684.07,28.40M,0.97%,28400000.0,0.97,HDBK
2022-05-02,700.11,679.33,701.48,679.33,19.49M,1.38%,19490000.0,1.38,HDBK
2022-05-04,676.32,698.26,700.06,673.32,29.06M,-3.40%,29060000.0,-3.4,HDBK
2022-05-05,674.8,685.79,685.79,671.58,17.86M,-0.22%,17860000.0,-0.22,HDBK
2022-05-06,657.16,663.35,665.84,654.87,26.73M,-2.61%,26730000.0,-2.61,HDBK
2022-05-09,658.29,648.39,661.6,646.14,32.76M,0.17%,32759999.999999996,0.17,HDBK
2022-05-10,668.86,655.89,674.82,655.89,20.11M,1.61%,20110000.0,1.61,HDBK
2022-05-11,672.63,674.82,675.82,662.68,17.10M,0.56%,17100000.0,0.56,HDBK
2022-05-12,649.91,658.91,661.75,644.9,22.38M,-3.38%,22380000.0,-3.38,HDBK
2022-05-13,644.07,653.4,657.36,641.9,16.77M,-0.90%,16770000.0,-0.9,HDBK
2022-05-16,650.93,647.89,654.37,641.05,9.80M,1.06%,9800000.0,1.06,HDBK
2022-05-17,655.37,654.67,656.87,647.49,16.64M,0.68%,16640000.0,0.68,HDBK
2022-05-18,655.32,660.38,665.0,653.37,15.73M,-0.01%,15730000.0,-0.01,HDBK
2022-05-19,641.93,641.5,646.59,637.56,20.54M,-2.04%,20540000.0,-2.04,HDBK
2022-05-20,658.84,649.88,660.46,644.57,13.92M,2.63%,13920000.0,2.63,HDBK
2022-05-23,650.38,655.37,663.32,647.94,19.49M,-1.28%,19490000.0,-1.28,HDBK
2022-05-24,657.84,648.39,660.86,646.84,12.87M,1.15%,12870000.0,1.15,HDBK
2022-05-25,662.75,663.35,666.32,659.96,12.89M,0.75%,12890000.0,0.75,HDBK
2022-05-26,681.65,669.41,683.8,668.34,26.99M,2.85%,26990000.0,2.85,HDBK
2022-05-27,694.3,684.2,695.62,683.67,24.03M,1.85%,24030000.0,1.85,HDBK
2022-05-30,699.04,703.37,708.49,697.49,12.62M,0.68%,12620000.0,0.68,HDBK
2022-05-31,692.75,696.22,700.66,688.29,13.49M,-0.90%,13490000.0,-0.9,HDBK
2022-06-01,695.69,688.29,698.49,687.86,12.09M,0.42%,12090000.0,0.42,HDBK
2022-06-02,690.83,691.9,692.28,687.59,11.48M,-0.70%,11480000.0,-0.7,HDBK
2022-06-03,688.44,697.41,698.64,686.44,6.96M,-0.35%,6960000.0,-0.35,HDBK
2022-06-06,687.51,686.44,691.78,678.64,6.17M,-0.13%,6170000.0,-0.13,HDBK
2022-06-07,679.61,679.31,685.44,675.37,10.25M,-1.15%,10250000.0,-1.15,HDBK
2022-06-08,682.0,684.95,688.79,676.82,5.99M,0.35%,5990000.0,0.35,HDBK
2022-06-09,687.14,679.43,689.31,676.89,7.31M,0.75%,7310000.0,0.75,HDBK
2022-06-10,673.87,678.36,682.28,670.13,9.16M,-1.93%,9160000.0,-1.93,HDBK
2022-06-13,661.65,660.16,663.35,652.53,10.89M,-1.81%,10890000.0,-1.81,HDBK
2022-06-14,654.37,654.0,661.35,650.88,11.87M,-1.10%,11870000.0,-1.1,HDBK
2022-06-15,652.1,649.21,656.27,647.59,11.81M,-0.35%,11810000.0,-0.35,HDBK
2022-06-16,639.06,653.37,658.64,637.41,12.17M,-2.00%,12170000.0,-2.0,HDBK
2022-06-17,643.27,635.92,647.89,634.22,14.72M,0.66%,14720000.0,0.66,HDBK
2022-06-20,659.43,650.73,660.86,645.47,15.94M,2.51%,15940000.0,2.51,HDBK
2022-06-21,666.62,666.79,675.32,660.38,13.22M,1.09%,13220000.0,1.09,HDBK
2022-06-22,663.47,664.47,666.82,659.96,8.16M,-0.47%,8160000.0,-0.47,HDBK
2022-06-23,665.92,663.6,672.33,657.61,15.37M,0.37%,15370000.0,0.37,HDBK
2022-06-24,675.22,667.61,679.14,667.61,8.01M,1.40%,8010000.0,1.4,HDBK
2022-06-27,676.44,683.3,686.29,674.32,9.80M,0.18%,9800000.0,0.18,HDBK
2022-06-28,671.28,670.33,673.82,667.54,9.77M,-0.76%,9770000.0,-0.76,HDBK
2022-06-29,670.31,663.97,673.7,663.97,9.99M,-0.14%,9990000.0,-0.14,HDBK
2022-06-30,672.33,666.34,675.32,666.34,12.48M,0.30%,12480000.0,0.3,HDBK
2022-07-01,675.2,670.31,678.31,663.37,11.47M,0.43%,11470000.0,0.43,HDBK
2022-07-04,676.14,675.17,678.41,669.46,8.49M,0.14%,8490000.0,0.14,HDBK
2022-07-05,674.62,680.31,687.96,672.48,14.33M,-0.22%,14330000.0,-0.22,HDBK
2022-07-06,683.92,672.33,685.0,671.88,15.05M,1.38%,15050000.0,1.38,HDBK
2022-07-07,696.17,688.29,697.27,685.52,17.74M,1.79%,17740000.0,1.79,HDBK
2022-07-08,696.82,703.25,703.25,695.64,12.47M,0.09%,12470000.0,0.09,HDBK
2022-07-11,701.33,695.27,703.2,694.9,7.46M,0.65%,7460000.0,0.65,HDBK
2022-07-12,694.17,700.88,700.88,692.98,9.88M,-1.02%,9880000.0,-1.02,HDBK
2022-07-13,677.24,693.28,695.37,675.44,15.95M,-2.44%,15950000.0,-2.44,HDBK
2022-07-14,673.85,679.31,684.62,672.95,10.37M,-0.50%,10370000.0,-0.5,HDBK
2022-07-15,679.33,674.82,680.76,671.73,13.60M,0.81%,13600000.0,0.81,HDBK
2022-07-18,672.1,672.33,681.35,669.36,20.33M,-1.06%,20330000.0,-1.06,HDBK
2022-07-19,672.35,666.84,677.59,666.84,15.79M,0.04%,15790000.0,0.04,HDBK
2022-07-20,680.83,678.26,683.85,675.94,20.35M,1.26%,20350000.0,1.26,HDBK
2022-07-21,678.69,678.59,683.05,677.36,12.64M,-0.32%,12640000.0,-0.32,HDBK
2022-07-22,694.52,681.3,696.77,679.51,12.73M,2.33%,12730000.0,2.33,HDBK
2024-01-02,847.44,847.29,849.29,842.25,29.24M,22.02%,29240000.0,22.02,HDBK
2024-01-03,834.37,848.89,850.23,832.4,28.39M,-1.54%,28390000.0,-1.54,HDBK
2024-01-04,843.33,836.92,845.37,833.28,26.73M,1.07%,26730000.0,1.07,HDBK
2024-01-05,839.01,841.48,850.33,831.98,31.89M,-0.51%,31890000.0,-0.51,HDBK
2024-01-08,829.66,837.17,839.09,827.94,18.00M,-1.11%,18000000.0,-1.11,HDBK
2024-01-09,823.2,831.51,836.82,821.33,25.33M,-0.78%,25330000.0,-0.78,HDBK
2024-01-10,825.92,819.46,827.91,818.66,16.12M,0.33%,16120000.000000002,0.33,HDBK
2024-01-11,822.45,827.94,829.39,819.46,18.31M,-0.42%,18310000.0,-0.42,HDBK
2024-01-12,818.56,823.95,825.94,814.77,19.77M,-0.47%,19770000.0,-0.47,HDBK
2024-01-15,834.32,821.81,838.36,819.76,28.32M,1.93%,28320000.0,1.93,HDBK
2024-01-16,837.49,834.42,839.74,826.99,25.32M,0.38%,25320000.0,0.38,HDBK
2024-01-17,766.84,783.05,796.42,762.3,170.15M,-8.44%,170150000.0,-8.44,HDBK
2024-01-18,741.23,745.15,755.62,738.19,161.07M,-3.34%,161070000.0,-3.34,HDBK
2024-01-19,733.5,751.11,753.25,732.38,109.60M,-1.04%,109600000.0,-1.04,HDBK
2024-01-20,737.59,739.76,745.99,736.17,25.84M,0.56%,25840000.0,0.56,HDBK
2024-01-23,711.9,730.68,735.52,710.73,115.47M,-3.48%,115470000.0,-3.48,HDBK
2024-01-24,726.14,688.41,727.42,688.41,86.00M,2.00%,86000000.0,2.0,HDBK
2024-01-25,715.67,724.45,726.87,707.94,98.94M,-1.44%,98940000.0,-1.44,HDBK
2024-01-29,725.52,722.23,729.58,721.11,65.65M,1.38%,65650000.00000001,1.38,HDBK
2024-01-30,720.36,725.47,729.78,718.66,41.73M,-0.71%,41730000.0,-0.71,HDBK
2024-01-31,729.46,717.96,735.64,716.62,65.76M,1.26%,65760000.00000001,1.26,HDBK
2024-02-01,731.36,730.71,734.97,726.22,32.69M,0.26%,32689999.999999996,0.26,HDBK
2024-02-02,721.28,735.67,738.59,719.24,44.87M,-1.38%,44870000.0,-1.38,HDBK
2024-02-05,720.63,721.21,724.15,715.25,38.61M,-0.09%,38610000.0,-0.09,HDBK
2024-02-06,720.26,720.98,723.05,714.52,41.08M,-0.05%,41080000.0,-0.05,HDBK
2024-02-07,713.2,724.7,725.1,711.55,54.84M,-0.98%,54840000.0,-0.98,HDBK
2024-02-08,699.78,713.15,717.69,698.51,69.11M,-1.88%,69110000.0,-1.88,HDBK
2024-02-09,700.06,694.35,705.34,691.78,56.64M,0.04%,56640000.0,0.04,HDBK
2024-02-12,693.28,698.09,705.07,689.96,34.45M,-0.97%,34450000.0,-0.97,HDBK
2024-02-13,695.49,694.25,700.43,690.46,57.58M,0.32%,57580000.0,0.32,HDBK
2024-02-14,690.31,686.29,694.02,680.08,91.32M,-0.75%,91320000.0,-0.75,HDBK
2024-02-15,705.27,690.78,705.99,690.46,41.58M,2.17%,41580000.0,2.17,HDBK
2024-02-16,708.19,710.18,712.08,702.48,32.18M,0.41%,32180000.0,0.41,HDBK
2024-02-19,706.79,712.73,712.73,705.84,34.45M,-0.20%,34450000.0,-0.2,HDBK
2024-02-20,725.35,705.74,726.82,704.15,56.13M,2.63%,56130000.0,2.63,HDBK
2024-02-21,717.79,730.18,730.18,715.72,45.89M,-1.04%,45890000.0,-1.04,HDBK
2024-02-22,708.01,707.12,712.63,704.35,50.56M,-1.36%,50560000.0,-1.36,HDBK
2024-02-23,708.54,709.51,715.17,707.24,29.83M,0.07%,29830000.0,0.07,HDBK
2024-02-26,709.38,705.02,715.64,705.02,23.51M,0.12%,23510000.0,0.12,HDBK
2024-02-27,708.31,705.02,711.58,704.77,32.09M,-0.15%,32090000.000000004,-0.15,HDBK
2024-02-28,702.95,708.31,710.33,700.26,25.32M,-0.76%,25320000.0,-0.76,HDBK
2024-02-29,699.96,699.31,703.45,696.92,53.30M,-0.43%,53300000.0,-0.43,HDBK
2024-03-01,713.6,698.26,714.6,698.26,34.74M,1.95%,34740000.0,1.95,HDBK
2024-03-02,713.6,715.49,716.22,712.28,1.79M,0.00%,1790000.0,0.0,HDBK
2024-03-04,714.57,713.7,716.72,710.38,35.62M,0.14%,35620000.0,0.14,HDBK
2024-03-05,718.64,709.24,719.71,709.06,37.99M,0.57%,37990000.0,0.57,HDBK
2024-03-06,719.51,715.0,724.62,715.0,42.41M,0.12%,42410000.0,0.12,HDBK
2024-03-07,721.26,720.96,723.72,718.91,49.35M,0.24%,49350000.0,0.24,HDBK
2024-03-11,712.13,713.23,721.18,709.73,50.53M,-1.27%,50530000.0,-1.27,HDBK
2024-03-12,727.96,715.22,730.18,712.85,65.42M,2.22%,65420000.0,2.22,HDBK
2024-03-13,728.39,730.93,733.97,723.25,63.07M,0.06%,63070000.0,0.06,HDBK
2024-03-14,725.92,729.24,731.18,720.36,52.43M,-0.34%,52430000.0,-0.34,HDBK
2024-03-15,724.52,723.2,727.84,719.34,143.61M,-0.19%,143610000.0,-0.19,HDBK
2024-03-18,721.23,721.7,726.19,716.12,21.44M,-0.45%,21440000.0,-0.45,HDBK
2024-03-19,722.88,715.97,724.4,715.97,36.18M,0.23%,36180000.0,0.23,HDBK
2024-03-20,713.75,722.73,724.02,710.56,43.61M,-1.26%,43610000.0,-1.26,HDBK
2024-03-21,721.08,719.51,723.82,717.37,28.92M,1.03%,28920000.0,1.03,HDBK
2024-03-22,719.63,718.71,723.57,717.09,45.98M,-0.20%,45980000.0,-0.2,HDBK
2024-03-26,710.93,711.83,717.19,709.31,56.84M,-1.21%,56840000.0,-1.21,HDBK
2024-03-27,718.56,710.01,722.18,708.86,62.17M,1.07%,62170000.0,1.07,HDBK
2024-03-28,722.15,718.56,728.44,718.56,55.59M,0.50%,55590000.0,0.5,HDBK
2024-04-01,733.43,727.19,735.07,725.99,25.20M,1.56%,25200000.0,1.56,HDBK
2024-04-02,738.24,730.76,745.57,729.81,41.23M,0.66%,41230000.0,0.66,HDBK
2024-04-03,739.31,734.22,745.97,733.87,45.58M,0.15%,45580000.0,0.15,HDBK
2024-04-04,761.9,750.13,763.1,750.13,88.94M,3.06%,88940000.0,3.06,HDBK
2024-04-05,772.85,767.59,775.32,763.18,59.06M,1.44%,59060000.0,1.44,HDBK
2024-04-08,771.38,775.55,776.69,768.86,20.48M,-0.19%,20480000.0,-0.19,HDBK
2024-04-09,772.35,775.5,775.5,768.24,21.88M,0.13%,21880000.0,0.13,HDBK
2024-04-10,766.27,773.03,773.03,764.57,27.81M,-0.79%,27810000.0,-0.79,HDBK
2024-04-12,757.59,758.61,763.03,754.85,41.08M,-1.13%,41080000.0,-1.13,HDBK
2024-04-15,745.5,746.92,753.13,744.17,23.42M,-1.60%,23420000.0,-1.6,HDBK
2024-04-16,752.75,741.65,754.57,739.29,20.74M,0.97%,20740000.0,0.97,HDBK
2024-04-18,745.5,753.03,757.54,743.67,34.23M,-0.96%,34230000.0,-0.96,HDBK
2024-04-19,763.75,741.43,765.57,738.29,34.58M,2.45%,34580000.0,2.45,HDBK
2024-04-22,754.22,776.77,776.77,752.28,42.30M,-1.25%,42300000.0,-1.25,HDBK
2024-04-23,751.93,761.26,761.36,749.76,26.83M,-0.30%,26830000.0,-0.3,HDBK
2024-04-24,753.97,755.62,758.99,752.65,22.44M,0.27%,22440000.0,0.27,HDBK
2024-04-25,753.5,751.26,757.96,751.26,35.45M,-0.06%,35450000.0,-0.06,HDBK
2024-04-26,753.03,758.01,762.1,750.91,24.85M,-0.06%,24850000.0,-0.06,HDBK
2024-04-29,762.85,755.62,765.32,751.41,36.09M,1.30%,36090000.0,1.3,HDBK
2024-04-30,758.16,762.7,767.84,755.57,52.31M,-0.61%,52310000.0,-0.61,HDBK
2024-05-02,764.22,759.11,766.59,758.29,33.48M,0.80%,33479999.999999996,0.8,HDBK
2024-05-03,757.91,764.72,768.39,751.73,31.87M,-0.83%,31870000.0,-0.83,HDBK
2024-05-06,759.44,759.11,765.35,756.69,28.79M,0.20%,28790000.0,0.2,HDBK
2024-05-07,751.21,759.09,760.13,750.21,28.48M,-1.08%,28480000.0,-1.08,HDBK
2024-05-08,739.49,746.12,746.62,738.34,41.69M,-1.56%,41690000.0,-1.56,HDBK
2024-05-09,721.95,735.64,741.53,720.86,46.28M,-2.37%,46280000.0,-2.37,HDBK
2024-05-10,717.17,717.71,724.17,711.63,27.28M,-0.66%,27280000.0,-0.66,HDBK
2024-05-13,725.82,714.22,728.09,713.38,27.05M,1.21%,27050000.0,1.21,HDBK
2024-05-14,728.66,724.32,730.93,723.35,25.67M,0.39%,25670000.0,0.39,HDBK
2024-05-15,717.46,728.04,728.04,716.12,38.93M,-1.54%,38930000.0,-1.54,HDBK
2024-05-16,728.31,721.23,729.46,715.97,34.95M,1.51%,34950000.0,1.51,HDBK
2024-05-17,730.23,721.31,732.18,721.31,20.92M,0.26%,20920000.0,0.26,HDBK
2024-05-18,731.21,731.18,731.73,729.71,1.06M,0.13%,1060000.0,0.13,HDBK
2024-05-21,727.59,723.25,733.03,723.25,43.77M,-0.49%,43770000.0,-0.49,HDBK
2024-05-22,727.79,727.12,730.98,722.28,40.00M,0.03%,40000000.0,0.03,HDBK
2024-05-23,744.45,727.51,745.97,726.72,40.86M,2.29%,40860000.0,2.29,HDBK
2024-05-24,756.72,741.9,758.06,741.16,31.06M,1.65%,31060000.0,1.65,HDBK
2024-05-27,761.95,759.78,770.58,757.64,29.39M,0.69%,29390000.0,0.69,HDBK
2024-05-28,763.35,763.15,766.12,760.51,27.91M,0.18%,27910000.0,0.18,HDBK
2024-05-29,752.28,757.12,760.03,748.76,35.15M,-1.45%,35150000.0,-1.45,HDBK
2024-05-30,755.55,747.74,759.91,746.97,33.76M,0.43%,33760000.0,0.43,HDBK
2024-05-31,763.87,757.61,766.09,755.12,74.08M,1.10%,74080000.0,1.1,HDBK
2024-06-03,784.15,797.52,797.52,773.08,72.64M,2.65%,72640000.0,2.65,HDBK
2024-06-04,739.73,776.57,777.57,725.2,89.53M,-5.66%,89530000.0,-5.66,HDBK
2024-06-05,773.97,745.17,777.86,739.34,81.63M,4.63%,81630000.0,4.63,HDBK
2024-06-06,777.91,780.51,780.78,771.38,46.42M,0.51%,46420000.0,0.51,HDBK
2024-06-07,784.72,778.59,790.21,774.1,36.71M,0.88%,36710000.0,0.88,HDBK
2024-06-10,778.71,785.05,788.36,776.87,22.45M,-0.77%,22450000.0,-0.77,HDBK
2024-06-11,780.46,776.07,783.55,774.17,29.55M,0.22%,29550000.0,0.22,HDBK
2024-06-12,785.12,785.55,792.18,781.26,39.28M,0.60%,39280000.0,0.6,HDBK
2024-06-13,788.41,788.91,790.88,785.05,24.12M,0.42%,24120000.0,0.42,HDBK
2024-06-14,796.47,790.03,797.52,786.89,25.54M,1.02%,25540000.0,1.02,HDBK
2024-06-18,801.9,796.47,803.25,792.75,32.42M,0.68%,32420000.0,0.68,HDBK
2024-06-19,826.87,804.7,832.88,800.01,90.13M,3.11%,90130000.0,3.11,HDBK
2024-06-20,832.6,832.83,838.64,823.95,41.41M,0.69%,41410000.0,0.69,HDBK
2024-06-21,830.81,834.35,834.35,819.54,51.63M,-0.22%,51630000.0,-0.22,HDBK
2024-06-24,834.12,821.46,835.47,820.83,28.54M,0.40%,28540000.0,0.4,HDBK
2024-06-25,853.55,833.48,856.34,833.48,74.52M,2.33%,74520000.0,2.33,HDBK
2024-06-26,848.64,851.86,853.33,843.45,47.60M,-0.58%,47600000.0,-0.58,HDBK
2024-06-27,845.97,845.95,854.37,841.21,55.07M,-0.31%,55070000.0,-0.31,HDBK
2024-06-28,839.81,846.69,851.18,837.42,26.48M,-0.73%,26480000.0,-0.73,HDBK
2024-07-01,850.48,837.92,851.53,837.92,21.19M,1.27%,21190000.0,1.27,HDBK
2024-07-02,863.15,855.37,865.3,849.26,45.92M,1.49%,45920000.0,1.49,HDBK
2024-07-03,882.13,893.28,894.77,880.14,123.22M,2.20%,123220000.0,2.2,HDBK
2024-07-04,861.43,877.69,877.69,860.28,45.85M,-2.35%,45850000.0,-2.35,HDBK
2024-07-05,822.0,840.41,840.41,819.06,82.24M,-4.58%,82240000.0,-4.58,HDBK
2024-07-08,815.65,820.61,825.42,811.56,39.09M,-0.77%,39090000.0,-0.77,HDBK
2024-07-09,816.22,810.48,821.31,808.16,48.55M,0.07%,48550000.0,0.07,HDBK
2024-07-10,811.03,812.95,817.96,808.36,45.51M,-0.64%,45510000.0,-0.64,HDBK
2024-07-11,808.94,809.96,810.91,798.51,44.18M,-0.26%,44180000.0,-0.26,HDBK
2024-07-12,809.34,808.99,817.17,803.58,56.05M,0.05%,56050000.0,0.05,HDBK
2024-07-15,809.04,809.74,812.88,805.6,33.38M,-0.04%,33380000.000000004,-0.04,HDBK
2024-07-16,807.86,808.36,811.48,806.39,28.95M,-0.14%,28950000.0,-0.14,HDBK
2024-07-18,805.4,802.0,809.96,797.59,33.72M,-0.31%,33720000.0,-0.31,HDBK
2024-07-19,801.66,805.99,809.49,799.76,26.00M,-0.46%,26000000.0,-0.46,HDBK
2024-07-22,819.24,806.49,823.45,804.32,53.74M,2.19%,53740000.0,2.19,HDBK
2024-07-23,807.19,821.73,821.86,800.51,52.00M,-1.47%,52000000.0,-1.47,HDBK
2024-07-24,800.03,802.08,808.49,792.05,61.73M,-0.89%,61730000.0,-0.89,HDBK
2024-07-25,806.29,794.52,810.48,794.52,25.54M,0.78%,25540000.0,0.78,HDBK
2024-07-26,807.07,800.51,808.86,796.24,43.81M,0.10%,43810000.0,0.1,HDBK
2024-07-29,800.53,805.5,813.9,797.17,51.00M,-0.81%,51000000.0,-0.81,HDBK
2024-07-30,805.77,799.01,815.35,797.52,54.60M,0.65%,54600000.0,0.65,HDBK
2024-07-31,805.87,805.0,811.93,802.6,37.82M,0.01%,37820000.0,0.01,HDBK
2024-08-01,817.37,809.44,822.98,806.97,26.22M,1.43%,26220000.0,1.43,HDBK
2024-08-02,827.52,813.48,833.18,813.48,44.12M,1.24%,44120000.0,1.24,HDBK
2024-08-05,805.87,818.01,820.96,798.51,41.33M,-2.62%,41330000.0,-2.62,HDBK
2024-08-06,798.61,812.98,814.45,794.67,45.12M,-0.90%,45120000.0,-0.9,HDBK
2024-08-07,809.74,806.49,812.98,799.11,42.35M,1.39%,42350000.0,1.39,HDBK
2024-08-08,819.31,809.98,824.6,807.62,33.98M,1.18%,33980000.0,1.18,HDBK
2024-08-09,823.05,823.95,829.21,820.86,26.64M,0.46%,26640000.0,0.46,HDBK
2024-08-12,827.99,823.95,835.9,821.63,39.32M,0.60%,39320000.0,0.6,HDBK
2024-08-13,799.61,811.98,814.17,798.59,54.06M,-3.43%,54060000.0,-3.43,HDBK
2024-08-14,801.9,801.26,804.85,799.61,32.33M,0.29%,32330000.0,0.29,HDBK
2024-08-16,814.02,812.23,815.05,803.5,27.85M,1.51%,27850000.0,1.51,HDBK
2024-08-19,813.75,816.79,816.79,809.83,19.50M,-0.03%,19500000.0,-0.03,HDBK
2024-08-20,816.82,811.71,820.96,811.71,31.13M,0.38%,31130000.0,0.38,HDBK
2024-08-21,810.88,812.03,815.25,806.89,47.63M,-0.73%,47630000.0,-0.73,HDBK
2024-08-22,813.63,813.97,817.12,811.98,21.30M,0.34%,21300000.0,0.34,HDBK
2024-08-23,810.51,814.97,814.97,809.49,20.33M,-0.38%,20330000.0,-0.38,HDBK
2024-08-26,817.94,814.07,821.93,814.07,22.36M,0.92%,22360000.0,0.92,HDBK
2024-08-27,816.84,819.66,821.66,814.07,35.77M,-0.13%,35770000.0,-0.13,HDBK
2024-08-28,816.52,816.84,817.84,813.08,26.92M,-0.04%,26920000.0,-0.04,HDBK
2024-08-29,817.24,818.96,820.16,813.55,49.05M,0.09%,49050000.0,0.09,HDBK
2024-08-30,816.42,825.94,828.94,808.56,445.34M,-0.10%,445340000.0,-0.1,HDBK
2024-09-02,811.46,821.36,821.36,809.59,34.05M,-0.61%,34050000.0,-0.61,HDBK
2024-09-03,816.64,814.97,817.94,810.28,37.28M,0.64%,37280000.0,0.64,HDBK
2024-09-04,818.86,817.47,820.36,813.97,24.68M,0.27%,24680000.0,0.27,HDBK
2024-09-05,820.68,820.96,822.9,818.96,22.88M,0.22%,22880000.0,0.22,HDBK
2024-09-06,816.44,817.12,821.83,815.02,26.03M,-0.52%,26030000.0,-0.52,HDBK
2024-09-09,821.21,816.97,822.2,813.03,23.79M,0.58%,23790000.0,0.58,HDBK
2024-09-10,823.13,824.95,824.95,816.97,26.61M,0.23%,26610000.0,0.23,HDBK
2024-09-11,819.91,823.15,824.2,817.57,22.23M,-0.39%,22230000.0,-0.39,HDBK
2024-09-12,831.23,824.95,832.93,821.48,32.42M,1.38%,32420000.0,1.38,HDBK
2024-09-13,830.91,834.92,834.92,826.47,23.86M,-0.04%,23860000.0,-0.04,HDBK
2024-09-16,833.4,831.43,836.82,829.96,15.17M,0.30%,15170000.0,0.3,HDBK
2024-09-17,832.33,836.92,836.92,830.01,20.13M,-0.13%,20130000.0,-0.13,HDBK
2024-09-18,845.3,833.85,847.34,833.48,40.92M,1.56%,40920000.0,1.56,HDBK
2024-09-19,852.13,847.49,857.37,847.47,30.65M,0.81%,30650000.0,0.81,HDBK
2024-09-20,868.44,856.12,870.31,851.66,60.62M,1.91%,60620000.0,1.91,HDBK
2024-09-23,877.72,872.33,880.98,867.97,26.97M,1.07%,26970000.0,1.07,HDBK
2024-09-24,881.83,880.31,888.61,874.95,33.04M,0.47%,33040000.0,0.47,HDBK
2024-09-25,887.34,877.89,891.78,877.89,31.97M,0.62%,31970000.0,0.62,HDBK
2024-09-26,889.51,884.32,891.78,881.83,31.90M,0.24%,31900000.0,0.24,HDBK
2024-09-27,874.15,886.29,886.89,872.83,35.61M,-1.73%,35610000.0,-1.73,HDBK
2024-09-30,863.88,872.23,873.55,860.06,26.38M,-1.18%,26380000.0,-1.18,HDBK
2024-10-01,860.96,859.86,868.84,857.92,24.57M,-0.34%,24570000.0,-0.34,HDBK
2024-10-03,838.91,855.7,860.93,834.6,48.47M,-2.56%,48470000.0,-2.56,HDBK
2024-10-04,826.77,835.17,843.23,824.45,48.68M,-1.45%,48680000.0,-1.45,HDBK
2024-10-07,806.89,824.05,827.44,804.5,94.46M,-2.40%,94460000.0,-2.4,HDBK
2024-10-08,823.48,812.98,826.34,808.99,29.73M,2.06%,29730000.0,2.06,HDBK
2024-10-09,814.55,822.7,826.32,812.33,41.13M,-1.08%,41130000.0,-1.08,HDBK
2024-10-10,829.14,817.47,830.66,814.22,21.75M,1.79%,21750000.0,1.79,HDBK
2024-10-11,823.45,830.16,830.16,819.59,23.67M,-0.69%,23670000.0,-0.69,HDBK
2024-10-14,841.96,825.97,843.93,824.95,18.53M,2.25%,18530000.0,2.25,HDBK
2024-10-15,839.96,844.9,846.89,835.67,19.65M,-0.24%,19650000.0,-0.24,HDBK
2024-10-16,847.79,837.96,851.86,837.96,20.47M,0.93%,20470000.0,0.93,HDBK
2024-10-17,834.5,845.37,846.72,830.53,14.70M,-1.57%,14700000.0,-1.57,HDBK
2024-10-18,838.84,829.49,843.4,825.0,24.81M,0.52%,24810000.0,0.52,HDBK
2024-10-21,862.2,855.37,871.91,853.4,46.55M,2.79%,46550000.0,2.79,HDBK
2024-10-22,855.15,862.88,867.84,853.23,38.88M,-0.82%,38880000.0,-0.82,HDBK
2024-10-23,865.75,850.41,871.08,850.41,38.04M,1.24%,38040000.0,1.24,HDBK
2024-10-24,872.65,866.89,882.13,866.89,30.83M,0.80%,30830000.0,0.8,HDBK
2024-10-25,869.54,875.32,876.74,862.2,26.13M,-0.36%,26130000.0,-0.36,HDBK
2024-10-28,864.95,868.84,873.33,862.3,22.01M,-0.53%,22010000.0,-0.53,HDBK
2024-10-29,873.75,860.93,879.81,860.41,35.79M,1.02%,35790000.0,1.02,HDBK
2024-10-30,865.15,868.84,875.2,859.96,32.72M,-0.98%,32720000.0,-0.98,HDBK
2024-10-31,865.7,861.86,867.29,857.57,22.90M,0.06%,22900000.0,0.06,HDBK
2024-11-01,866.49,864.35,869.89,860.91,1.76M,0.09%,1760000.0,0.09,HDBK
2024-11-04,854.92,870.33,870.33,853.33,28.09M,-1.34%,28090000.0,-1.34,HDBK
2024-11-05,876.74,849.39,879.16,846.84,44.23M,2.55%,44230000.0,2.55,HDBK
2024-11-06,875.45,883.55,883.55,870.51,27.79M,-0.15%,27790000.0,-0.15,HDBK
2024-11-07,871.11,869.99,878.29,866.84,18.90M,-0.50%,18900000.0,-0.5,HDBK
2024-11-08,875.05,873.83,878.71,870.76,19.90M,0.45%,19900000.0,0.45,HDBK
2024-11-11,880.96,875.1,889.19,873.43,24.57M,0.68%,24570000.0,0.68,HDBK
2024-11-12,856.97,883.8,885.3,852.2,31.40M,-2.72%,31400000.0,-2.72,HDBK
2024-11-13,838.59,856.24,862.55,834.42,35.73M,-2.14%,35730000.0,-2.14,HDBK
2024-11-14,844.27,834.47,850.31,833.97,27.15M,0.68%,27150000.0,0.68,HDBK
2024-11-18,850.43,847.89,857.32,845.4,27.08M,0.73%,27080000.0,0.73,HDBK
2024-11-19,868.96,854.87,874.7,849.24,50.98M,2.18%,50980000.0,2.18,HDBK
2024-11-21,868.44,872.53,877.32,864.95,35.72M,-0.06%,35720000.0,-0.06,HDBK
2024-11-22,870.63,869.61,874.97,862.63,24.77M,0.25%,24770000.0,0.25,HDBK
2024-11-25,890.58,890.31,899.54,880.26,427.74M,2.29%,427740000.0,2.29,HDBK
2024-11-26,890.56,902.75,902.75,882.7,30.94M,0.00%,30940000.0,0.0,HDBK
2024-11-27,903.9,892.73,906.42,890.36,32.71M,1.50%,32710000.0,1.5,HDBK
2024-11-28,894.35,907.24,915.77,891.78,35.72M,-1.06%,35720000.0,-1.06,HDBK
2024-11-29,895.8,898.41,900.06,889.24,27.67M,0.16%,27670000.0,0.16,HDBK
2024-12-02,900.11,899.51,901.83,885.3,15.11M,0.48%,15110000.0,0.48,HDBK
2024-12-03,910.88,909.09,916.42,905.8,43.41M,1.20%,43410000.0,1.2,HDBK
2024-12-04,927.74,916.72,930.19,913.3,44.67M,1.85%,44670000.0,1.85,HDBK
2024-12-05,930.56,927.69,937.64,915.32,39.68M,0.30%,39680000.0,0.3,HDBK
2024-12-06,925.62,926.2,929.79,919.71,17.78M,-0.53%,17780000.0,-0.53,HDBK
2024-12-09,932.68,924.52,937.67,922.21,26.95M,0.76%,26950000.0,0.76,HDBK
2024-12-10,931.73,936.52,936.52,926.97,13.33M,-0.10%,13330000.0,-0.1,HDBK
2024-12-11,929.24,928.54,933.63,926.07,14.05M,-0.27%,14050000.0,-0.27,HDBK
2024-12-12,927.32,923.2,932.01,922.06,17.29M,-0.21%,17290000.0,-0.21,HDBK
2024-12-13,933.55,928.94,935.17,912.35,19.01M,0.67%,19010000.0,0.67,HDBK
2024-12-16,930.29,930.24,932.65,925.32,13.11M,-0.35%,13110000.0,-0.35,HDBK
2024-12-17,914.35,925.87,928.86,910.98,21.08M,-1.71%,21080000.0,-1.71,HDBK
2024-12-18,903.1,912.65,915.72,901.33,23.42M,-1.23%,23420000.0,-1.23,HDBK
2024-12-19,894.52,897.57,898.31,887.29,25.38M,-0.95%,25380000.0,-0.95,HDBK
2024-12-20,883.55,888.89,896.54,881.33,25.69M,-1.23%,25690000.0,-1.23,HDBK
2024-12-23,898.26,888.79,900.76,888.44,11.04M,1.67%,11040000.0,1.67,HDBK
2024-12-24,896.82,898.79,902.11,892.55,14.49M,-0.16%,14490000.0,-0.16,HDBK
2024-12-26,893.15,897.04,903.75,888.17,10.48M,-0.41%,10480000.0,-0.41,HDBK
2024-12-27,896.89,895.17,900.73,892.33,7.26M,0.42%,7260000.0,0.42,HDBK
2024-12-30,886.74,893.88,905.25,883.3,22.22M,-1.13%,22220000.0,-1.13,HDBK
2024-12-31,884.22,882.95,888.69,880.61,14.12M,-0.28%,14120000.0,-0.28,HDBK
2025-01-01,889.16,884.52,894.77,878.36,7.31M,0.56%,7310000.0,0.56,HDBK
2025-01-02,894.65,886.34,899.49,884.3,18.56M,0.62%,18560000.0,0.62,HDBK
2025-01-03,872.43,893.28,895.4,870.98,24.43M,-2.48%,24430000.0,-2.48,HDBK
2025-01-06,853.13,867.89,876.42,850.78,18.82M,-2.21%,18820000.0,-2.21,HDBK
2025-01-07,854.57,855.37,858.36,847.89,13.53M,0.17%,13530000.0,0.17,HDBK
2025-01-08,845.05,852.01,853.7,839.59,19.74M,-1.11%,19740000.0,-1.11,HDBK
2025-01-09,831.83,839.98,842.4,826.99,40.42M,-1.56%,40420000.0,-1.56,HDBK
2025-01-10,826.32,833.43,835.37,824.95,17.45M,-0.66%,17450000.0,-0.66,HDBK
2025-01-13,813.4,817.96,821.33,810.13,21.67M,-1.56%,21670000.0,-1.56,HDBK
2025-01-14,821.26,817.91,826.04,816.47,26.66M,0.97%,26660000.0,0.97,HDBK
2025-01-15,819.49,826.19,829.29,816.12,14.02M,-0.22%,14020000.0,-0.22,HDBK
2025-01-16,823.97,824.37,828.21,819.39,21.21M,0.55%,21210000.0,0.55,HDBK
2025-01-17,816.34,819.71,823.2,812.23,23.11M,-0.93%,23110000.0,-0.93,HDBK
2025-01-20,823.58,810.98,828.41,810.98,17.56M,0.89%,17560000.0,0.89,HDBK
2025-01-21,819.16,827.07,828.46,814.5,31.16M,-0.54%,31160000.0,-0.54,HDBK
2025-01-22,830.96,819.16,833.88,810.71,30.62M,1.44%,30620000.0,1.44,HDBK
2025-01-23,830.38,841.41,841.41,823.58,34.91M,-0.07%,34910000.0,-0.07,HDBK
2025-01-24,822.85,827.94,833.08,820.21,24.24M,-0.91%,24240000.0,-0.91,HDBK
2025-01-27,812.88,818.51,819.76,810.98,22.80M,-1.21%,22800000.0,-1.21,HDBK
2025-01-28,833.13,821.46,840.06,821.46,30.18M,2.49%,30180000.0,2.49,HDBK
2025-01-29,836.57,835.42,838.49,832.35,12.62M,0.41%,12620000.0,0.41,HDBK
2025-01-30,843.65,838.41,846.84,834.2,25.74M,0.85%,25740000.0,0.85,HDBK
2025-01-31,847.27,841.53,850.23,839.89,15.82M,0.43%,15820000.0,0.43,HDBK
2025-02-01,843.38,846.64,854.37,835.95,5.59M,-0.46%,5590000.0,-0.46,HDBK
2025-02-03,836.92,832.93,841.31,829.66,20.28M,-0.77%,20280000.0,-0.77,HDBK
2025-02-04,858.31,842.25,860.76,837.94,28.62M,2.56%,28620000.0,2.56,HDBK
2025-02-05,866.74,864.35,869.94,857.32,23.68M,0.98%,23680000.0,0.98,HDBK
2025-02-06,869.76,865.6,872.33,859.86,26.76M,0.35%,26760000.0,0.35,HDBK
2025-02-07,864.22,872.83,881.31,860.36,23.51M,-0.64%,23510000.0,-0.64,HDBK
2025-02-10,855.75,856.52,859.59,852.13,17.20M,-0.98%,17200000.0,-0.98,HDBK
2025-02-11,848.59,849.39,853.38,842.25,22.72M,-0.84%,22720000.0,-0.84,HDBK
2025-02-12,851.28,844.4,853.88,838.51,22.81M,0.32%,22810000.0,0.32,HDBK
2025-02-13,846.74,847.39,855.0,844.67,12.60M,-0.53%,12600000.0,-0.53,HDBK
2025-02-14,845.32,848.84,848.84,837.92,19.96M,-0.17%,19960000.0,-0.17,HDBK
2025-02-17,856.54,840.51,857.87,838.54,12.94M,1.33%,12940000.0,1.33,HDBK
2025-02-18,859.39,854.4,863.63,850.96,16.35M,0.33%,16350000.000000002,0.33,HDBK
2025-02-19,861.46,856.37,866.79,854.1,11.88M,0.24%,11880000.0,0.24,HDBK
2025-02-20,841.46,853.38,855.22,840.56,26.39M,-2.32%,26390000.0,-2.32,HDBK
2025-02-21,844.15,838.36,845.37,836.54,15.68M,0.32%,15680000.0,0.32,HDBK
2025-02-24,836.47,838.46,840.01,828.49,20.69M,-0.91%,20690000.0,-0.91,HDBK
2025-02-25,839.09,833.48,841.91,833.48,24.14M,0.31%,24140000.0,0.31,HDBK
2025-02-27,848.24,839.19,853.25,839.19,35.79M,1.09%,35790000.0,1.09,HDBK
2025-02-28,864.05,840.41,866.47,840.41,54.52M,1.86%,54520000.0,1.86,HDBK
2025-03-03,848.66,867.74,869.36,844.95,21.21M,-1.78%,21210000.0,-1.78,HDBK
2025-03-04,852.88,846.89,855.02,844.52,19.92M,0.50%,19920000.0,0.5,HDBK
2025-03-05,842.9,848.86,853.28,842.03,21.58M,-1.17%,21580000.0,-1.17,HDBK
2025-03-06,843.5,841.41,847.84,834.05,32.97M,0.07%,32970000.0,0.07,HDBK
2025-03-07,842.53,838.91,848.46,836.72,13.37M,-0.12%,13370000.0,-0.12,HDBK
2025-03-10,841.66,842.4,847.84,839.44,15.60M,-0.10%,15600000.0,-0.1,HDBK
2025-03-11,840.66,839.11,844.9,832.95,19.90M,-0.12%,19900000.0,-0.12,HDBK
2025-03-12,853.45,843.68,857.12,843.68,18.78M,1.52%,18780000.0,1.52,HDBK
2025-03-13,851.18,855.9,858.26,847.92,15.74M,-0.27%,15740000.0,-0.27,HDBK
2025-03-17,853.08,850.38,859.86,850.38,18.95M,0.22%,18950000.0,0.22,HDBK
2025-03-18,863.95,861.86,866.54,855.4,21.91M,1.27%,21910000.0,1.27,HDBK
2025-03-19,869.89,865.35,873.33,863.95,15.22M,0.69%,15220000.0,0.69,HDBK
2025-03-20,882.18,874.82,884.8,872.48,17.83M,1.41%,17830000.0,1.41,HDBK
2025-03-21,882.98,875.6,884.85,875.6,33.51M,0.09%,33509999.999999996,0.09,HDBK
2025-03-24,897.77,887.29,899.96,884.62,17.39M,1.67%,17390000.0,1.67,HDBK
2025-03-25,908.46,900.21,919.56,898.51,39.10M,1.19%,39100000.0,1.19,HDBK
2025-03-26,901.03,910.24,911.48,898.76,24.48M,-0.82%,24480000.0,-0.82,HDBK
2025-03-27,910.41,897.77,918.22,896.82,41.66M,1.04%,41660000.0,1.04,HDBK
2025-03-28,911.83,912.23,915.72,900.68,28.77M,0.16%,28770000.0,0.16,HDBK
2025-04-01,881.73,898.76,902.7,880.48,28.51M,-3.30%,28510000.0,-3.3,HDBK
2025-04-02,896.22,883.15,897.37,883.15,11.57M,1.64%,11570000.0,1.64,HDBK
2025-04-03,895.2,888.34,899.76,886.29,11.25M,-0.11%,11250000.0,-0.11,HDBK
2025-04-04,906.39,904.25,918.69,903.3,33.54M,1.25%,33540000.0,1.25,HDBK
2025-04-07,876.67,879.21,887.72,866.94,38.00M,-3.28%,38000000.0,-3.28,HDBK
2025-04-08,882.38,880.31,888.79,872.98,35.56M,0.65%,35560000.0,0.65,HDBK
2025-04-09,880.31,880.31,885.3,874.57,22.45M,-0.23%,22450000.0,-0.23,HDBK
2025-04-11,901.13,885.17,907.44,885.17,32.78M,2.37%,32780000.0,2.37,HDBK
2025-04-15,930.14,930.19,936.07,925.2,49.30M,3.22%,49300000.0,3.22,HDBK
2025-04-16,936.67,939.56,939.56,927.94,19.14M,0.70%,19140000.0,0.7,HDBK
2025-04-17,950.98,938.66,957.47,936.02,35.70M,1.53%,35700000.0,1.53,HDBK
2025-04-21,961.16,959.61,972.93,952.63,34.25M,1.07%,34250000.0,1.07,HDBK
2025-04-22,978.42,965.1,982.85,965.1,45.96M,1.80%,45960000.0,1.8,HDBK
2025-04-23,959.56,986.99,986.99,957.87,30.57M,-1.93%,30570000.0,-1.93,HDBK
2025-04-24,956.02,952.63,959.56,950.19,25.93M,-0.37%,25930000.0,-0.37,HDBK
2025-04-25,953.23,960.01,964.1,943.55,18.50M,-0.29%,18500000.0,-0.29,HDBK
2025-04-28,957.72,953.23,962.46,951.83,13.92M,0.47%,13920000.0,0.47,HDBK
2025-04-29,952.03,957.02,962.01,947.74,18.92M,-0.59%,18920000.0,-0.59,HDBK
2025-04-30,960.11,954.13,966.05,952.78,31.94M,0.85%,31940000.0,0.85,HDBK
2025-05-02,960.11,962.51,968.54,957.62,22.81M,0.00%,22810000.0,0.0,HDBK
2025-05-05,966.0,967.09,973.58,963.75,15.07M,0.61%,15070000.0,0.61,HDBK
2025-05-06,963.45,962.6,967.64,959.76,17.49M,-0.26%,17490000.0,-0.26,HDBK
2025-05-07,970.39,964.6,971.93,958.81,21.42M,0.72%,21420000.0,0.72,HDBK
2025-05-08,961.86,974.97,974.97,957.17,34.80M,-0.88%,34800000.0,-0.88,HDBK
2025-05-09,942.5,952.68,957.12,941.06,17.19M,-2.01%,17190000.0,-2.01,HDBK
2025-05-12,976.17,956.42,977.52,953.78,18.62M,3.57%,18620000.0,3.57,HDBK
2025-05-13,958.91,972.58,978.42,957.62,24.24M,-1.77%,24240000.0,-1.77,HDBK
2025-05-14,952.93,958.66,962.7,949.14,15.45M,-0.62%,15450000.0,-0.62,HDBK
2025-05-15,964.5,954.38,969.99,946.15,32.24M,1.21%,32240000.000000004,1.21,HDBK
2025-05-16,964.95,964.5,969.49,961.81,15.87M,0.05%,15870000.0,0.05,HDBK
2025-05-19,966.94,966.1,970.09,963.1,10.20M,0.21%,10200000.0,0.21,HDBK
2025-05-20,955.07,961.66,964.9,954.13,23.88M,-1.23%,23880000.0,-1.23,HDBK
2025-05-21,961.01,961.11,971.03,958.17,15.13M,0.62%,15130000.0,0.62,HDBK
2025-05-22,957.57,955.22,959.71,950.24,21.31M,-0.36%,21310000.0,-0.36,HDBK
2025-05-23,964.4,957.67,966.1,954.87,9.57M,0.71%,9570000.0,0.71,HDBK
2025-05-26,967.69,965.1,972.53,961.06,10.80M,0.34%,10800000.0,0.34,HDBK
2025-05-27,960.76,963.4,971.58,955.77,26.16M,-0.72%,26160000.0,-0.72,HDBK
2025-05-28,959.36,957.72,964.85,956.47,18.16M,-0.15%,18160000.0,-0.15,HDBK
2025-05-29,961.36,961.61,967.99,951.28,28.92M,0.21%,28920000.0,0.21,HDBK
2025-05-30,970.04,963.55,971.98,960.31,28.75M,0.90%,28750000.0,0.9,HDBK
2025-06-02,963.65,962.65,965.6,951.63,14.67M,-0.66%,14670000.0,-0.66,HDBK
2025-06-03,959.91,966.59,973.58,957.62,24.38M,-0.39%,24380000.0,-0.39,HDBK
2025-06-04,968.19,958.12,969.24,958.07,12.96M,0.86%,12960000.0,0.86,HDBK
2025-06-05,972.38,971.58,977.02,967.69,22.26M,0.43%,22260000.0,0.43,HDBK
2025-06-06,986.89,969.59,995.67,968.94,30.13M,1.49%,30130000.0,1.49,HDBK
2025-06-09,986.99,995.02,995.02,985.5,13.20M,0.01%,13200000.0,0.01,HDBK
2025-06-10,980.21,988.94,988.94,978.12,15.53M,-0.69%,15530000.0,-0.69,HDBK
2025-06-11,972.78,981.36,981.36,971.08,11.10M,-0.76%,11100000.0,-0.76,HDBK
2025-06-12,969.29,972.58,978.07,965.25,16.35M,-0.36%,16350000.000000002,-0.36,HDBK
2025-06-13,956.42,957.62,964.1,954.13,12.12M,-1.33%,12120000.0,-1.33,HDBK
2025-06-16,965.3,959.61,967.04,957.67,16.51M,0.93%,16510000.000000002,0.93,HDBK
2025-06-17,962.41,966.1,968.39,957.17,16.98M,-0.30%,16980000.0,-0.3,HDBK
2025-06-18,964.55,956.12,965.75,956.12,18.43M,0.22%,18430000.0,0.22,HDBK
2025-06-19,965.25,964.55,970.98,960.41,16.88M,0.07%,16880000.0,0.07,HDBK
2025-06-20,979.91,963.4,982.51,963.4,32.90M,1.52%,32900000.0,1.52,HDBK
2025-06-23,971.78,971.78,976.52,968.49,11.74M,-0.83%,11740000.0,-0.83,HDBK
2025-06-24,978.02,980.06,987.04,975.37,22.63M,0.64%,22630000.0,0.64,HDBK
2025-06-25,987.64,980.56,988.54,979.51,18.41M,0.98%,18410000.0,0.98,HDBK
2025-06-26,1008.39,988.24,1011.03,987.54,50.08M,2.10%,50080000.0,2.1,HDBK
2025-06-27,1004.95,1004.0,1007.39,994.23,28.21M,-0.34%,28210000.0,-0.34,HDBK
2025-06-30,998.27,1003.25,1004.4,995.27,13.65M,-0.67%,13650000.0,-0.67,HDBK
2025-07-01,1003.55,1000.01,1005.5,999.51,14.39M,0.53%,14390000.0,0.53,HDBK
2025-07-02,990.54,1007.44,1007.44,986.5,18.88M,-1.30%,18880000.0,-1.3,HDBK
2025-07-03,991.08,994.97,1001.51,989.69,16.86M,0.06%,16860000.0,0.06,HDBK
2025-07-04,992.18,991.08,999.26,987.54,7.86M,0.11%,7860000.0,0.11,HDBK
2025-07-07,991.23,992.03,996.72,989.44,11.35M,-0.10%,11350000.0,-0.1,HDBK
2025-07-08,998.22,986.05,1000.01,986.05,15.22M,0.70%,15220000.0,0.7,HDBK
2025-07-09,1003.1,1001.01,1004.4,996.57,13.86M,0.49%,13860000.0,0.49,HDBK
2025-07-10,1000.61,1005.5,1006.0,997.52,17.03M,-0.25%,17030000.0,-0.25,HDBK
2025-07-11,989.39,996.52,999.91,987.99,12.52M,-1.12%,12520000.0,-1.12,HDBK
2025-07-14,989.04,989.04,991.88,982.85,13.09M,-0.04%,13090000.0,-0.04,HDBK
2025-07-15,995.27,984.05,999.31,984.05,14.50M,0.63%,14500000.0,0.63,HDBK
2025-07-16,995.67,1006.5,1008.84,993.83,17.99M,0.04%,17990000.0,0.04,HDBK
2025-07-17,990.98,999.51,999.91,988.89,22.53M,-0.47%,22530000.0,-0.47,HDBK
2025-07-18,976.27,990.98,996.02,974.08,16.13M,-1.48%,16129999.999999998,-1.48,HDBK
2025-07-21,997.77,986.65,998.52,985.8,22.31M,2.20%,22310000.0,2.2,HDBK
2025-07-22,1001.06,1004.05,1006.5,999.01,14.84M,0.33%,14840000.0,0.33,HDBK
2025-07-23,1009.64,1003.0,1012.38,999.01,13.63M,0.86%,13630000.0,0.86,HDBK
2025-07-24,1004.6,1016.32,1016.32,1001.71,19.11M,-0.50%,19110000.0,-0.5,HDBK
2025-07-25,1002.3,1007.5,1007.5,999.5,9.31M,-0.23%,9310000.0,-0.23,HDBK
2025-07-28,1004.25,1001.5,1010.7,1000.25,12.06M,0.19%,12060000.0,0.19,HDBK
2025-07-29,1010.8,999.95,1013.25,998.15,19.90M,0.65%,19900000.0,0.65,HDBK
2025-07-30,1012.9,1014.0,1016.3,1008.5,15.15M,0.21%,15150000.0,0.21,HDBK
2025-07-31,1009.1,1007.3,1015.7,1004.0,22.18M,-0.38%,22180000.0,-0.38,HDBK
2025-08-01,1006.1,1007.0,1014.15,1004.65,11.32M,-0.30%,11320000.0,-0.3,HDBK
2025-08-04,996.0,1005.05,1009.25,994.05,13.93M,-1.00%,13930000.0,-1.0,HDBK
2025-08-05,988.8,993.25,997.2,982.75,23.98M,-0.72%,23980000.0,-0.72,HDBK
2025-08-06,992.65,985.55,994.0,985.0,14.08M,0.39%,14080000.0,0.39,HDBK
2025-08-07,997.7,990.05,1000.8,988.4,13.08M,0.51%,13080000.0,0.51,HDBK
2025-08-08,986.95,993.55,996.4,985.0,13.90M,-1.08%,13900000.0,-1.08,HDBK
2025-08-11,997.8,987.95,998.8,986.55,9.11M,1.10%,9110000.0,1.1,HDBK
2025-08-12,984.95,995.95,998.0,983.75,12.94M,-1.29%,12940000.0,-1.29,HDBK
2025-08-13,990.15,997.0,997.0,984.55,13.58M,0.53%,13580000.0,0.53,HDBK
2025-08-14,995.55,989.0,998.0,985.6,17.51M,0.55%,17510000.0,0.55,HDBK
2025-08-18,1001.8,1005.0,1013.3,997.8,19.28M,0.63%,19280000.0,0.63,HDBK
2025-08-19,995.55,999.15,1003.05,993.35,12.35M,-0.62%,12350000.0,-0.62,HDBK
2025-08-20,994.1,993.5,996.0,989.5,9.95M,-0.15%,9950000.0,-0.15,HDBK
2025-08-21,995.6,998.75,998.75,991.6,12.44M,0.15%,12440000.0,0.15,HDBK
2025-08-22,982.3,994.95,998.0,978.55,19.83M,-1.34%,19830000.0,-1.34,HDBK
2025-08-25,982.05,980.1,988.7,978.5,17.52M,-0.03%,17520000.0,-0.03,HDBK
2025-08-26,973.4,979.5,985.7,968.0,16.92M,-0.88%,16920000.0,-0.88,HDBK
2025-08-28,957.8,967.0,972.2,955.0,25.44M,-1.60%,25440000.0,-1.6,HDBK
2025-08-29,951.6,954.0,963.3,950.1,14.82M,-0.65%,14820000.0,-0.65,HDBK
2025-09-01,950.6,949.6,957.45,946.35,20.18M,-0.11%,20180000.0,-0.11,HDBK
2025-09-02,944.5,951.0,954.8,944.0,14.20M,-0.64%,14200000.0,-0.64,HDBK
2025-09-03,954.45,945.0,956.3,940.0,16.08M,1.05%,16079999.999999998,1.05,HDBK
2025-09-04,961.25,960.2,965.7,956.25,17.60M,0.71%,17600000.0,0.71,HDBK
2025-09-05,963.4,967.5,967.5,954.05,11.60M,0.22%,11600000.0,0.22,HDBK
2025-09-08,966.0,969.0,973.15,960.45,11.71M,0.27%,11710000.0,0.27,HDBK
2025-09-09,965.15,974.0,974.4,962.7,13.99M,-0.09%,13990000.0,-0.09,HDBK
2025-09-10,965.9,973.9,973.9,961.7,18.09M,0.08%,18090000.0,0.08,HDBK
2025-09-11,967.8,960.3,969.25,959.9,15.11M,0.20%,15110000.0,0.2,HDBK
2025-09-12,967.3,969.9,970.75,962.25,14.36M,-0.05%,14360000.0,-0.05,HDBK
2025-09-15,967.05,969.6,972.35,965.0,14.49M,-0.03%,14490000.0,-0.03,HDBK
2025-09-16,966.85,961.2,969.35,961.2,18.66M,-0.02%,18660000.0,-0.02,HDBK
2025-09-17,966.5,965.15,974.4,964.35,17.36M,-0.04%,17360000.0,-0.04,HDBK
2025-09-18,976.9,973.3,979.65,969.25,17.79M,1.08%,17790000.0,1.08,HDBK
2025-09-19,966.9,974.9,976.7,962.1,31.24M,-1.02%,31240000.0,-1.02,HDBK
2025-09-22,964.2,964.0,971.2,961.95,10.85M,-0.28%,10850000.0,-0.28,HDBK
2025-09-23,957.2,967.0,968.2,955.5,21.02M,-0.73%,21020000.0,-0.73,HDBK
2025-09-24,951.05,952.2,956.45,943.0,15.12M,-0.64%,15120000.0,-0.64,HDBK
2025-09-25,949.85,952.5,958.0,947.4,31.41M,-0.13%,31410000.0,-0.13,HDBK
2025-09-26,945.05,945.1,951.45,941.3,14.87M,-0.51%,14870000.0,-0.51,HDBK
2025-09-29,950.3,946.05,956.8,939.1,32.40M,0.56%,32400000.0,0.56,HDBK
2025-09-30,951.0,958.05,960.0,946.3,28.30M,0.07%,28300000.0,0.07,HDBK
2025-10-01,965.25,952.7,969.6,946.0,25.35M,1.50%,25350000.0,1.5,HDBK
2025-10-03,965.15,952.0,966.75,952.0,26.66M,-0.01%,26660000.0,-0.01,HDBK
2025-10-06,973.45,971.9,977.4,962.0,18.54M,0.86%,18540000.0,0.86,HDBK
2025-10-07,982.5,974.0,989.85,971.0,25.54M,0.93%,25540000.0,0.93,HDBK
2025-10-08,978.7,976.0,985.9,974.55,15.94M,-0.39%,15940000.0,-0.39,HDBK
2025-10-09,977.1,974.5,979.0,970.15,15.37M,-0.16%,15370000.0,-0.16,HDBK
2025-10-10,980.9,979.0,986.2,978.1,13.76M,0.39%,13760000.0,0.39,HDBK
2025-10-13,977.0,974.3,981.0,972.0,18.63M,-0.40%,18630000.0,-0.4,HDBK
2025-10-14,977.15,970.0,980.45,967.0,22.93M,0.02%,22930000.0,0.02,HDBK
2025-10-15,978.25,975.0,984.9,973.35,23.31M,0.11%,23310000.0,0.11,HDBK
2025-10-16,994.35,982.65,996.6,981.5,22.94M,1.65%,22940000.0,1.65,HDBK
2025-10-17,1002.55,993.95,1009.0,986.0,25.21M,0.82%,25210000.0,0.82,HDBK
2025-10-20,1002.95,997.0,1020.0,997.0,22.20M,0.04%,22200000.0,0.04,HDBK
2025-10-21,1007.7,1006.0,1010.0,1004.0,3.47M,0.47%,3470000.0,0.47,HDBK
2025-10-23,1008.8,1016.0,1020.5,1006.0,43.53M,0.11%,43530000.0,0.11,HDBK
2025-10-24,994.75,1011.0,1011.95,991.3,17.71M,-1.39%,17710000.0,-1.39,HDBK
2025-10-27,1002.95,996.5,1009.05,996.2,15.70M,0.82%,15700000.0,0.82,HDBK
2025-10-28,1003.55,997.65,1008.0,995.0,33.90M,0.06%,33900000.0,0.06,HDBK
2025-10-29,1007.85,1004.9,1012.5,1000.0,17.77M,0.43%,17770000.0,0.43,HDBK
2025-10-30,998.15,1000.0,1009.5,997.1,19.96M,-0.96%,19960000.0,-0.96,HDBK
2025-10-31,987.3,994.0,1004.45,981.15,23.22M,-1.09%,23220000.0,-1.09,HDBK
2025-11-03,992.65,985.0,994.55,983.3,16.61M,0.54%,16610000.0,0.54,HDBK
2025-11-04,985.25,987.0,997.0,983.7,20.02M,-0.75%,20020000.0,-0.75,HDBK
2025-11-06,984.65,981.0,991.05,974.0,22.28M,-0.06%,22280000.0,-0.06,HDBK
2025-11-07,982.3,980.0,984.9,974.75,15.00M,-0.24%,15000000.0,-0.24,HDBK
2025-11-10,984.5,982.3,990.95,980.2,15.99M,0.22%,15990000.0,0.22,HDBK
2025-11-11,991.7,983.5,993.5,978.0,10.20M,0.73%,10200000.0,0.73,HDBK
2025-11-12,989.5,998.8,999.0,987.7,13.14M,-0.22%,13140000.0,-0.22,HDBK
2025-11-13,986.65,984.0,990.1,982.6,14.12M,-0.29%,14120000.0,-0.29,HDBK
2025-11-14,989.6,976.05,991.65,976.05,21.39M,0.30%,21390000.0,0.3,HDBK
2025-11-17,996.55,991.25,997.95,985.6,18.40M,0.70%,18400000.0,0.7,HDBK
2025-11-18,992.45,997.65,999.0,990.0,20.00M,-0.41%,20000000.0,-0.41,HDBK
2025-11-19,994.6,990.0,996.55,984.0,19.81M,0.22%,19810000.0,0.22,HDBK
2025-11-20,1008.85,995.3,1011.6,992.45,19.85M,1.43%,19850000.0,1.43,HDBK
2025-11-21,998.05,1003.1,1008.3,996.55,17.50M,-1.07%,17500000.0,-1.07,HDBK
2025-11-24,999.15,1000.0,1011.45,993.6,32.20M,0.11%,32200000.000000004,0.11,HDBK
2025-11-25,989.8,1004.0,1006.1,988.4,24.99M,-0.94%,24990000.0,-0.94,HDBK
2025-11-26,1003.9,981.3,1006.95,981.3,19.49M,1.42%,19490000.0,1.42,HDBK
2025-11-27,1009.5,1002.1,1016.8,1001.0,25.54M,0.56%,25540000.0,0.56,HDBK
2025-11-28,1007.6,1007.0,1012.05,1004.2,15.99M,-0.19%,15990000.0,-0.19,HDBK
2025-12-01,1002.1,1017.5,1017.5,999.3,16.75M,-0.55%,16750000.0,-0.55,HDBK
2025-12-02,989.8,988.0,994.4,985.0,27.32M,-1.23%,27320000.0,-1.23,HDBK
2025-12-03,1000.5,986.0,1002.3,986.0,15.45M,1.08%,15450000.0,1.08,HDBK
2025-12-04,997.2,1000.0,1004.7,993.0,14.53M,-0.33%,14530000.0,-0.33,HDBK
2025-12-05,1003.3,992.0,1008.0,990.2,12.84M,0.61%,12840000.0,0.61,HDBK
2025-12-08,1003.1,1000.0,1006.5,997.5,12.90M,-0.02%,12900000.0,-0.02,HDBK
2025-12-09,997.1,994.9,1002.8,994.0,15.29M,-0.60%,15290000.0,-0.6,HDBK
2025-12-10,989.8,997.5,998.5,985.3,15.32M,-0.73%,15320000.0,-0.73,HDBK
2025-12-11,1000.3,990.0,1002.7,988.5,11.84M,1.06%,11840000.0,1.06,HDBK
2025-12-12,1001.5,1003.0,1004.7,998.2,11.99M,0.12%,11990000.0,0.12,HDBK
2025-12-15,996.1,992.0,1001.8,992.0,9.79M,-0.54%,9790000.0,-0.54,HDBK
2025-12-16,994.3,990.1,998.7,990.1,20.05M,-0.18%,20050000.0,-0.18,HDBK
2025-12-17,984.0,996.0,996.0,980.8,19.08M,-1.04%,19080000.0,-1.04,HDBK
2025-12-18,979.7,973.3,987.4,973.3,14.91M,-0.44%,14910000.0,-0.44,HDBK
2025-12-19,985.5,987.0,988.0,978.7,25.95M,0.59%,25950000.0,0.59,HDBK
2025-12-22,987.7,988.0,992.9,983.9,13.54M,0.22%,13540000.0,0.22,HDBK
2025-12-23,996.6,990.5,998.9,987.7,17.93M,0.90%,17930000.0,0.9,HDBK
2025-12-24,997.2,993.0,999.4,993.0,13.70M,0.06%,13700000.0,0.06,HDBK
2025-12-26,992.1,996.0,997.2,987.7,9.36M,-0.51%,9360000.0,-0.51,HDBK
2025-12-29,991.7,993.1,997.4,987.2,13.55M,-0.04%,13550000.0,-0.04,HDBK
2025-12-30,990.9,990.2,995.0,982.2,33.16M,-0.08%,33159999.999999996,-0.08,HDBK
2025-12-31,991.2,991.0,997.6,987.6,10.96M,0.03%,10960000.0,0.03,HDBK
2026-01-01,991.15,993.5,997.55,989.5,7.13M,-0.01%,7130000.0,-0.01,HDBK
2026-01-02,1001.6,991.15,1003.2,988.8,11.75M,1.05%,11750000.0,1.05,HDBK
2026-01-05,977.5,1005.75,1006.4,976.3,27.65M,-2.41%,27650000.0,-2.41,HDBK
2026-01-06,962.2,962.7,966.7,956.0,31.99M,-1.57%,31990000.0,-1.57,HDBK
2026-01-07,949.05,956.0,956.45,946.0,52.88M,-1.37%,52880000.0,-1.37,HDBK
2026-01-08,946.7,944.7,953.0,941.4,21.93M,-0.25%,21930000.0,-0.25,HDBK
2026-01-09,939.0,945.0,950.6,933.3,38.18M,-0.81%,38180000.0,-0.81,HDBK
2026-01-12,936.95,937.5,942.0,929.6,21.07M,-0.22%,21070000.0,-0.22,HDBK
2026-01-13,937.35,947.7,947.7,932.6,32.04M,0.04%,32040000.0,0.04,HDBK
2026-01-14,925.45,930.0,940.05,920.2,36.69M,-1.27%,36690000.0,-1.27,HDBK
2026-01-16,931.1,922.0,935.95,919.2,37.78M,0.61%,37780000.0,0.61,HDBK
2026-01-19,927.9,935.9,936.15,919.5,38.19M,-0.34%,38190000.0,-0.34,HDBK
2026-01-20,931.2,929.3,934.5,919.6,36.02M,0.36%,36020000.0,0.36,HDBK
2026-01-21,920.35,925.0,932.15,915.5,32.77M,-1.17%,32770000.000000004,-1.17,HDBK
2026-01-22,918.7,928.0,928.3,913.2,44.44M,-0.18%,44440000.0,-0.18,HDBK
2026-01-23,916.1,920.0,926.1,909.25,30.99M,-0.28%,30990000.0,-0.28,HDBK
2026-01-27,926.4,906.0,931.2,905.0,44.75M,1.12%,44750000.0,1.12,HDBK
2026-01-28,932.7,932.5,941.45,928.4,35.35M,0.68%,35350000.0,0.68,HDBK
2026-01-29,935.5,930.1,939.3,924.35,37.18M,0.30%,37180000.0,0.3,HDBK
2026-01-30,929.25,930.0,938.9,927.75,29.69M,-0.67%,29690000.0,-0.67,HDBK
2026-02-01,922.1,932.0,939.65,912.65,9.86M,-0.77%,9860000.0,-0.77,HDBK
2026-02-02,928.1,915.0,929.8,909.3,28.03M,0.65%,28030000.0,0.65,HDBK
2026-02-03,948.7,983.75,994.0,945.0,50.34M,2.22%,50340000.0,2.22,HDBK
2026-02-04,953.1,952.5,957.2,947.95,24.37M,0.46%,24370000.0,0.46,HDBK
2026-02-05,949.7,956.0,956.05,946.7,28.10M,-0.36%,28100000.0,-0.36,HDBK
2026-02-06,941.1,945.0,948.1,937.6,18.12M,-0.91%,18120000.0,-0.91,HDBK
2026-02-09,937.25,945.0,950.0,935.35,23.95M,-0.41%,23950000.0,-0.41,HDBK
2026-02-10,932.4,930.0,940.9,929.95,31.53M,-0.52%,31530000.0,-0.52,HDBK
2026-02-11,927.1,931.25,936.0,925.3,24.87M,-0.57%,24870000.0,-0.57,HDBK
2026-02-12,920.6,927.0,928.6,918.5,33.87M,-0.70%,33870000.0,-0.7,HDBK
2026-02-13,903.9,913.0,928.2,901.0,50.19M,-1.81%,50190000.0,-1.81,HDBK
2026-02-16,925.8,903.9,929.5,902.1,18.81M,2.42%,18810000.0,2.42,HDBK
2026-02-17,925.7,923.0,928.1,918.6,22.60M,-0.01%,22600000.0,-0.01,HDBK
2026-02-18,924.7,923.2,925.5,919.55,12.74M,-0.11%,12740000.0,-0.11,HDBK
2026-02-19,915.6,929.0,929.2,912.45,21.21M,-0.98%,21210000.0,-0.98,HDBK
2026-02-20,911.85,911.0,917.85,908.4,22.65M,-0.41%,22650000.0,-0.41,HDBK
2026-02-23,923.6,916.5,925.65,915.25,23.27M,1.29%,23270000.0,1.29,HDBK
2026-02-24,910.5,927.95,927.95,909.15,31.31M,-1.42%,31310000.0,-1.42,HDBK
2026-02-25,907.6,910.55,916.0,903.1,27.88M,-0.32%,27880000.0,-0.32,HDBK
2026-02-26,898.6,912.0,912.0,895.0,41.17M,-0.99%,41170000.0,-0.99,HDBK
2026-02-27,887.75,898.6,898.95,885.0,34.62M,-1.21%,34620000.0,-1.21,HDBK
2026-03-02,879.4,876.2,887.75,871.55,38.38M,-0.94%,38380000.0,-0.94,HDBK
2026-03-04,868.65,848.0,879.3,848.0,39.86M,-1.22%,39860000.0,-1.22,HDBK
2026-03-05,877.75,873.85,881.4,863.5,31.32M,1.05%,31320000.0,1.05,HDBK
2026-03-06,857.05,868.05,871.7,855.1,34.44M,-2.36%,34440000.0,-2.36,HDBK
2026-03-09,840.7,825.0,842.45,821.5,35.59M,-1.91%,35590000.0,-1.91,HDBK
2026-03-10,849.45,850.05,856.8,840.6,52.87M,1.04%,52870000.0,1.04,HDBK
2026-03-11,833.95,845.0,848.85,827.6,42.26M,-1.82%,42260000.0,-1.82,HDBK
2026-03-12,832.75,820.1,836.4,820.1,46.11M,-0.14%,46110000.0,-0.14,HDBK
2026-03-13,817.0,820.0,823.8,812.0,41.70M,-1.89%,41700000.0,-1.89,HDBK
2026-03-16,840.6,817.0,844.5,815.65,52.18M,2.89%,52180000.0,2.89,HDBK
2026-03-17,845.35,847.7,848.9,835.1,38.83M,0.57%,38830000.0,0.57,HDBK
2026-03-18,843.05,845.35,846.8,831.6,23.51M,-0.27%,23510000.0,-0.27,HDBK
2026-03-19,798.2,770.0,815.65,770.0,171.64M,-5.32%,171640000.0,-5.32,HDBK
2026-03-20,780.45,785.0,793.75,778.2,103.13M,-2.22%,103130000.0,-2.22,HDBK
2026-03-23,744.15,763.15,768.7,741.05,72.34M,-4.65%,72340000.0,-4.65,HDBK
2026-03-24,764.9,755.0,772.75,747.7,61.27M,2.79%,61270000.0,2.79,HDBK
2026-03-25,782.3,768.2,794.8,768.2,59.23M,2.27%,59230000.0,2.27,HDBK
2026-03-27,756.2,773.2,774.9,754.55,65.49M,-3.34%,65489999.99999999,-3.34,HDBK
2026-03-30,731.55,745.2,751.0,726.65,103.50M,-3.26%,103500000.0,-3.26,HDBK
2026-04-01,742.25,743.0,755.9,739.1,78.86M,1.46%,78860000.0,1.46,HDBK
2026-04-02,750.9,730.0,755.0,726.65,49.31M,1.17%,49310000.0,1.17,HDBK
2026-04-06,771.0,759.0,772.75,745.0,42.98M,2.68%,42980000.0,2.68,HDBK
2026-04-07,772.0,766.0,774.0,761.0,51.31M,0.13%,51310000.0,0.13,HDBK
2026-04-08,816.1,800.0,817.8,796.0,70.27M,5.71%,70270000.0,5.71,HDBK
2026-04-09,797.7,815.0,819.0,793.1,48.88M,-2.25%,48880000.0,-2.25,HDBK
2026-04-10,810.3,804.0,812.25,801.0,38.16M,1.58%,38160000.0,1.58,HDBK
2026-04-13,794.7,791.5,798.5,787.35,47.55M,-1.93%,47550000.0,-1.93,HDBK
2026-04-15,809.9,804.95,814.8,804.0,39.77M,1.91%,39770000.0,1.91,HDBK
2026-04-16,795.45,818.0,820.05,792.2,62.86M,-1.78%,62860000.0,-1.78,HDBK
2026-04-17,799.9,790.1,803.95,788.2,37.28M,0.56%,37280000.0,0.56,HDBK
2026-04-20,795.45,797.1,809.95,790.0,52.15M,-0.56%,52150000.0,-0.56,HDBK
2026-04-21,811.75,795.2,814.9,795.2,49.14M,2.05%,49140000.0,2.05,HDBK
2026-04-22,799.9,810.0,813.05,798.0,23.88M,-1.46%,23880000.0,-1.46,HDBK
2026-04-23,784.35,792.0,796.65,782.5,37.68M,-1.94%,37680000.0,-1.94,HDBK
2026-04-24,784.85,777.3,787.6,777.0,27.72M,0.06%,27720000.0,0.06,HDBK
2026-04-27,789.8,787.5,793.0,785.0,18.12M,0.63%,18120000.0,0.63,HDBK
2026-04-28,782.55,785.0,794.5,778.3,35.37M,-0.92%,35370000.0,-0.92,HDBK
2026-04-29,778.4,785.5,789.25,777.5,25.80M,-0.53%,25800000.0,-0.53,HDBK
